pm25,voc,heatidx,hr,spo2,in_q0,in_q1,in_q2,in_q3,in_q4,out_safe,out_warning,out_danger,label,float_label
27.8588,67.1088,25.1877,68.6667,97.0987,-56,-71,-80,-78,52,0.731403,0.266767,0.001829,0,0
11.4456,69.9132,27.6466,79.1998,96.0818,-63,-71,-61,-59,36,0.821295,0.176956,0.001749,0,0
9.0741,77.9748,21.0606,74.9981,98.3337,-65,-69,-112,-67,71,0.933468,0.066372,0.00016,0,0
22.0526,150.9594,20.0209,61.0813,99.5496,-59,-54,-120,-92,91,0.847393,0.152249,0.000358,0,0
28.7788,73.8582,29.5249,69.559,98.4256,-56,-70,-47,-76,73,0.678914,0.317615,0.003472,0,0
16.9243,48.444,24.9866,74.6718,96.3211,-61,-75,-82,-67,40,0.843532,0.155455,0.001012,0,0
39.2306,187.5337,23.2834,77.1661,98.7729,-51,-47,-95,-63,78,0.285944,0.711305,0.002751,1,0
27.3932,181.6022,23.6805,63.1461,98.7038,-56,-48,-92,-88,77,0.63576,0.362477,0.001763,0,0
19.2373,69.7595,28.0384,79.4991,96.667,-60,-71,-58,-59,45,0.766114,0.231734,0.002152,0,0
15.6847,126.9276,23.8237,70.3109,99.3159,-62,-59,-91,-75,87,0.905855,0.093806,0.000339,0,0
13.7271,54.7684,27.7017,65.4876,99.6496,-62,-74,-61,-84,92,0.914665,0.084704,0.000631,0,0
29.162,41.223,24.4046,84.1598,97.5668,-55,-77,-86,-50,59,0.674934,0.323643,0.001423,0,0
17.5429,67.2679,28.4408,62.0587,97.2351,-61,-71,-55,-90,54,0.879589,0.118675,0.001736,0,0
2.3871,65.42,20.762,87.8931,98.2987,-68,-72,-114,-44,71,0.935511,0.064376,0.000113,0,0
15.9218,176.4552,24.8113,81.188,99.8901,-61,-49,-83,-56,96,0.799704,0.199709,0.000587,0,0
29.5198,164.4608,24.6685,74.2677,98.8999,-55,-52,-84,-68,80,0.512613,0.485426,0.001961,0,0
7.2997,141.9246,22.6433,60.3348,99.1603,-65,-56,-100,-93,85,0.9552,0.044617,0.000184,0,0
7.0181,191.869,29.4361,71.7038,99.0743,-66,-46,-47,-73,83,0.901113,0.097866,0.001021,0,0
21.2621,84.5087,29.0503,79.374,99.828,-59,-68,-50,-59,95,0.77543,0.223192,0.001378,0,0
21.2731,49.0066,24.436,85.7674,99.2648,-59,-75,-86,-47,86,0.830224,0.169275,0.000501,0,0
25.376,23.4797,20.9716,78.5329,97.0733,-57,-80,-112,-60,52,0.821813,0.177691,0.000496,0,0
33.9773,60.2107,22.0678,71.9312,96.9252,-53,-73,-104,-72,49,0.5702,0.428211,0.001589,0,0
28.9782,29.0527,22.7149,73.4208,96.9684,-55,-79,-99,-70,50,0.716632,0.282254,0.001114,0,0
24.4409,18.4372,24.8422,86.1989,96.8517,-58,-81,-83,-47,48,0.762907,0.235975,0.001118,0,0
28.8977,120.5864,23.3838,70.5407,96.8331,-56,-60,-94,-75,48,0.675751,0.322589,0.00166,0,0
12.9184,72.8375,27.7414,61.9547,99.738,-63,-70,-60,-90,94,0.930365,0.069061,0.000574,0,0
14.4715,112.9141,24.7603,73.2802,99.8066,-62,-62,-83,-70,95,0.899462,0.100176,0.000362,0,0
9.1305,38.2671,28.7037,89.9538,96.3594,-65,-77,-53,-40,40,0.77589,0.222222,0.001888,0,0
11.7486,135.3812,29.9578,71.3932,96.2563,-63,-57,-43,-73,39,0.824252,0.172587,0.003161,0,0
25.239,43.1011,22.1984,65.7916,99.4281,-57,-76,-103,-83,89,0.825323,0.174177,0.000499,0,0
3.6842,55.6047,26.1167,61.3539,98.255,-67,-74,-73,-91,70,0.95631,0.043319,0.000371,0,0
17.348,148.3521,28.475,65.1291,96.8463,-61,-55,-55,-84,48,0.84204,0.155661,0.002299,0,0
17.2345,111.9476,29.4524,69.7219,97.8473,-61,-62,-47,-76,64,0.83614,0.1618,0.00206,0,0
19.7474,66.9673,22.9009,77.2284,96.295,-60,-71,-98,-63,39,0.827839,0.17142,0.000741,0,0
17.0332,108.5978,27.2704,79.9677,99.9289,-61,-63,-64,-58,97,0.842656,0.156649,0.000695,0,0
12.4904,138.7969,20.1502,61.2846,96.5598,-63,-57,-119,-91,43,0.931601,0.068113,0.000286,0,0
17.0541,182.4264,28.7914,88.0854,99.2262,-61,-48,-52,-43,86,0.741385,0.257178,0.001437,0,0
35.7356,116.1426,20.6394,67.0692,99.8327,-52,-61,-115,-81,95,0.454291,0.544614,0.001095,1,0
37.7664,46.5373,27.334,64.4719,98.844,-51,-76,-64,-86,80,0.447636,0.548104,0.004259,1,0
20.0735,149.3395,29.9461,75.9249,96.3542,-60,-55,-44,-65,40,0.730947,0.264995,0.004058,0,0
24.9581,155.5538,25.0119,80.3276,98.3599,-57,-53,-81,-57,72,0.625763,0.372641,0.001596,0,0
4.6247,40.0803,22.0933,69.2176,96.5169,-67,-77,-104,-77,43,0.947231,0.052523,0.000246,0,0
12.6914,164.1148,25.9464,80.0832,99.4678,-63,-52,-74,-58,89,0.865042,0.134414,0.000544,0,0
16.593,92.987,26.2415,68.8288,98.6913,-61,-66,-72,-78,77,0.883729,0.115534,0.000737,0,0
34.6524,155.9533,26.6807,87.0651,99.7682,-53,-53,-69,-45,94,0.371831,0.62517,0.002999,1,0
10.0182,47.4956,21.7261,86.4208,96.5835,-64,-75,-107,-46,44,0.880558,0.119095,0.000347,0,0
19.3214,66.5161,28.9871,62.1358,97.8147,-60,-71,-51,-90,63,0.869476,0.128686,0.001838,0,0
39.4224,190.7394,26.2099,64.5121,98.1743,-51,-46,-72,-86,69,0.274741,0.719542,0.005717,1,0
20.7794,131.563,20.4357,80.9418,96.4334,-59,-58,-116,-56,41,0.819919,0.179524,0.000558,0,0
24.5158,154.5756,26.8404,60.0036,98.7076,-58,-54,-67,-94,77,0.77249,0.225413,0.002096,0,0
4.8251,137.6749,21.9608,84.6544,98.2657,-67,-57,-105,-49,70,0.912968,0.086837,0.000194,0,0
33.0536,40.8608,20.2734,70.6872,97.3922,-54,-77,-118,-74,57,0.681403,0.317784,0.000813,0,0
24.1224,94.1377,25.5095,82.3386,97.6517,-58,-66,-78,-54,61,0.742006,0.256796,0.001198,0,0
21.8027,161.7928,28.1331,61.3271,99.1849,-59,-52,-57,-91,85,0.791167,0.206722,0.002111,0,0
13.7106,135.007,28.5994,66.2779,97.4257,-62,-58,-54,-82,57,0.864099,0.134132,0.001769,0,0
12.1648,1.2056,21.0352,62.1242,99.8905,-63,-85,-112,-90,96,0.960688,0.039216,9.6e-05,0,0
16.6809,17.4815,26.6304,65.3947,99.6727,-61,-81,-69,-84,93,0.915737,0.083759,0.000504,0,0
27.252,69.3589,27.1008,71.5326,96.3123,-56,-71,-65,-73,39,0.70379,0.293189,0.003021,0,0
35.0183,188.8731,22.9452,74.7466,99.4097,-53,-47,-97,-67,88,0.390863,0.607239,0.001898,1,0
20.4169,98.2381,29.7136,87.4827,98.6951,-59,-65,-45,-44,77,0.69729,0.300673,0.002038,0,0
26.7726,54.0353,22.7869,78.8152,96.2213,-56,-74,-98,-60,38,0.730417,0.26842,0.001164,0,0
23.4375,72.0847,20.6998,81.1944,99.8215,-58,-70,-114,-56,95,0.821825,0.177865,0.00031,0,0
24.9961,42.1305,25.1928,62.4633,99.3339,-57,-76,-80,-89,87,0.821901,0.177143,0.000956,0,0
26.9876,84.24,26.9431,68.6036,99.3307,-56,-68,-67,-78,87,0.692186,0.305929,0.001885,0,0
33.6937,43.6071,22.4466,89.752,99.6626,-53,-76,-101,-40,92,0.604115,0.394844,0.001041,0,0
3.3278,169.1505,23.3858,76.8127,99.6843,-67,-51,-94,-64,93,0.936198,0.063624,0.000178,0,0
30.5473,91.2541,25.6363,83.6345,96.8763,-55,-66,-77,-51,48,0.588673,0.408862,0.002465,0,0
9.7467,55.9604,28.8668,60.9745,99.7495,-64,-74,-52,-92,94,0.93859,0.060786,0.000623,0,0
7.7689,186.5783,27.4733,62.5223,96.1917,-65,-47,-63,-89,38,0.900644,0.097816,0.00154,0,0
22.8983,62.8703,22.0959,63.277,99.5257,-58,-72,-104,-88,90,0.857353,0.142214,0.000433,0,0
3.8285,181.9429,22.5178,60.4586,97.8269,-67,-48,-101,-93,63,0.956055,0.04371,0.000236,0,0
35.4131,8.6836,25.2388,87.6594,99.3247,-53,-83,-80,-44,87,0.58711,0.411342,0.001548,0,0
25.09,141.423,27.6896,67.6091,97.0922,-57,-56,-61,-80,52,0.689155,0.307377,0.003469,0,0
28.9367,96.7778,26.1876,89.8971,99.0195,-55,-65,-72,-40,82,0.575064,0.422952,0.001984,0,0
0.6452,88.8442,25.0132,82.1439,99.2188,-68,-67,-81,-54,85,0.929576,0.070183,0.000241,0,0
23.7773,7.2647,25.9713,67.5183,96.3237,-58,-84,-74,-80,40,0.829088,0.169361,0.001551,0,0
22.2714,8.1366,27.5606,89.7541,99.6577,-59,-83,-62,-40,92,0.790708,0.208446,0.000847,0,0
6.3584,66.5507,25.3708,86.056,99.269,-66,-71,-79,-47,86,0.901017,0.098676,0.000306,0,0
6.1228,189.4239,28.9775,64.9499,98.3818,-66,-46,-51,-85,72,0.917034,0.081893,0.001073,0,0
27.8212,123.532,29.4707,65.5597,98.8317,-56,-60,-47,-84,79,0.643199,0.35262,0.004181,0,0
12.7507,73.775,29.1535,80.4056,97.3833,-63,-70,-50,-57,56,0.822744,0.175552,0.001705,0,0
27.6788,122.3954,27.5452,62.3484,97.8822,-56,-60,-62,-89,64,0.681348,0.315213,0.003439,0,0
22.1753,41.2263,22.4632,77.5357,96.5895,-59,-77,-101,-62,44,0.82372,0.175635,0.000645,0,0
15.558,33.0133,23.8527,61.9981,97.9996,-62,-78,-90,-90,66,0.929658,0.06994,0.000402,0,0
37.0053,72.3635,22.8,66.6389,99.1313,-52,-70,-98,-82,84,0.501204,0.497147,0.00165,0,0
33.6668,172.6707,26.5766,88.4532,98.2336,-53,-50,-69,-43,70,0.359039,0.63692,0.004041,1,0
14.2959,101.8803,23.2422,74.9571,96.5339,-62,-64,-95,-67,43,0.863968,0.135377,0.000655,0,0
1.7437,59.3803,27.5439,77.2114,99.3182,-68,-73,-62,-63,87,0.9352,0.064423,0.000376,0,0
12.1907,190.0503,21.1351,68.0905,98.9519,-63,-46,-111,-79,81,0.912925,0.086838,0.000237,0,0
15.9274,163.1932,27.7536,73.2018,96.1494,-61,-52,-60,-70,37,0.789118,0.208351,0.00253,0,0
28.1984,64.5948,25.859,63.9901,99.2195,-56,-72,-75,-86,85,0.746945,0.251565,0.00149,0,0
39.8143,194.4196,28.3539,75.4985,99.461,-51,-45,-56,-66,89,0.19713,0.797611,0.005259,1,0
14.2366,197.4702,24.3088,61.6187,98.0495,-62,-45,-87,-91,67,0.893688,0.105612,0.0007,0,0
30.5019,81.732,26.2496,61.4475,97.5144,-55,-68,-72,-91,58,0.689155,0.307945,0.0029,0,0
23.7271,131.1846,25.5441,80.3894,96.3339,-58,-58,-77,-57,40,0.705501,0.292655,0.001845,0,0
27.6681,81.1306,29.7567,61.6494,99.3131,-56,-69,-45,-91,87,0.714714,0.281807,0.003479,0,0
6.0451,51.4696,27.5547,75.6385,96.0146,-66,-75,-62,-66,35,0.878962,0.119703,0.001335,0,0
15.9551,16.5305,25.4481,67.9808,97.3739,-61,-82,-78,-79,56,0.889259,0.109969,0.000772,0,0
9.6342,52.7221,21.7403,65.6308,97.3109,-64,-74,-106,-84,55,0.93884,0.0609,0.000259,0,0
13.7382,54.296,29.0411,77.1996,99.648,-62,-74,-51,-63,92,0.864837,0.134262,0.000902,0,0
20.5251,79.7278,22.0584,68.8939,97.7972,-59,-69,-104,-78,63,0.866023,0.133497,0.00048,0,0
26.665,36.9772,26.5004,73.6915,99.5546,-57,-77,-70,-69,91,0.768556,0.230363,0.00108,0,0
4.2363,190.7637,29.3647,64.1692,96.3572,-67,-46,-48,-86,40,0.906419,0.091663,0.001918,0,0
5.2358,20.576,22.2358,63.7946,99.3843,-66,-81,-103,-87,88,0.965822,0.034067,0.00011,0,0
12.8792,125.0417,22.2592,63.1959,98.4495,-63,-60,-103,-88,73,0.935327,0.064415,0.000258,0,0
26.4626,88.3395,28.5182,62.1468,98.1517,-57,-67,-55,-90,69,0.767255,0.229967,0.002778,0,0
33.8602,84.7036,28.2766,76.6114,97.2238,-53,-68,-56,-64,54,0.443734,0.551231,0.005035,1,0
22.1303,74.3984,23.517,82.6802,97.9615,-59,-70,-93,-53,66,0.816903,0.182495,0.000602,0,0
34.1781,173.6629,22.651,83.771,97.0938,-53,-50,-100,-51,52,0.43621,0.561247,0.002542,1,0
15.3935,56.0954,21.2739,88.7353,97.8233,-62,-74,-110,-42,63,0.881365,0.118349,0.000285,0,0
12.6715,4.1152,29.8794,65.0518,99.0753,-63,-84,-44,-85,83,0.916152,0.08284,0.001008,0,0
14.1706,183.6194,28.3534,64.0686,98.502,-62,-48,-56,-86,74,0.877305,0.121334,0.001361,0,0
6.8433,172.8961,28.9939,74.0986,98.7221,-66,-50,-51,-68,78,0.894764,0.104268,0.000968,0,0
33.1645,55.3804,25.1368,85.8302,99.5689,-54,-74,-80,-47,91,0.58646,0.41205,0.00149,0,0
13.5468,104.6975,21.1438,83.0121,96.2118,-63,-64,-111,-52,38,0.863863,0.135718,0.000419,0,0
22.0948,21.8176,20.5258,76.7453,96.7958,-59,-81,-116,-64,47,0.854716,0.144909,0.000376,0,0
23.1421,18.6854,23.3058,64.7035,98.8968,-58,-81,-94,-85,80,0.875998,0.12351,0.000492,0,0
20.8613,167.4932,29.2033,71.7379,97.6329,-59,-51,-49,-73,60,0.735766,0.261021,0.003213,0,0
0.1075,82.0531,29.4758,81.5804,98.6009,-69,-68,-47,-55,76,0.908298,0.090938,0.000765,0,0
39.5338,132.3433,28.4116,71.2024,99.5911,-51,-58,-55,-74,91,0.281142,0.713691,0.005167,1,0
36.2137,188.6401,21.5868,61.1736,98.944,-52,-47,-108,-92,81,0.397691,0.600266,0.002043,1,0
8.3054,49.0261,24.1992,77.5165,99.7325,-65,-75,-88,-62,94,0.928523,0.071272,0.000205,0,0
11.6996,2.632,22.4624,81.604,96.6078,-63,-84,-101,-55,44,0.877899,0.121693,0.000408,0,0
20.8004,4.8297,22.0535,81.4431,99.0265,-59,-84,-104,-55,82,0.868966,0.130751,0.000282,0,0
36.0765,141.8771,26.8483,64.946,98.8105,-52,-56,-67,-85,79,0.381845,0.613471,0.004684,1,0
39.3452,184.9104,24.8611,70.0797,96.0302,-51,-47,-83,-76,35,0.26991,0.724408,0.005682,1,0
10.3017,93.4661,23.2491,72.2752,96.1719,-64,-66,-95,-72,37,0.898219,0.101206,0.000575,0,0
22.5744,75.0218,21.0021,72.6144,96.1351,-58,-70,-112,-71,37,0.828573,0.17081,0.000617,0,0
32.2787,108.5721,25.4476,63.4248,98.1105,-54,-63,-78,-87,68,0.586343,0.410806,0.002851,0,0
15.7748,171.7834,23.4703,71.5659,99.106,-62,-50,-93,-73,84,0.881158,0.118423,0.000419,0,0
29.2429,130.4308,23.911,75.199,97.6214,-55,-58,-90,-66,60,0.559899,0.438235,0.001866,0,0
6.4428,46.596,23.1051,81.3168,96.0129,-66,-76,-96,-55,35,0.89748,0.102077,0.000443,0,0
24.0279,154.916,23.872,77.0834,96.6996,-58,-54,-90,-63,46,0.713765,0.284845,0.00139,0,0
34.6346,26.9227,25.5586,72.1479,99.794,-53,-80,-77,-72,95,0.568608,0.42971,0.001681,0,0
39.3409,33.112,20.1414,87.8279,96.9786,-51,-78,-119,-44,50,0.552047,0.446516,0.001437,0,0
3.1746,122.5365,28.4765,77.9425,99.4135,-67,-60,-55,-61,89,0.911907,0.087516,0.000577,0,0
17.1339,47.7567,29.2192,89.2437,97.4816,-61,-75,-49,-41,58,0.732269,0.265776,0.001956,0,0
8.1817,140.9557,25.5053,86.0213,98.0852,-65,-56,-78,-47,68,0.857685,0.141745,0.000569,0,0
18.0255,69.9037,22.6802,80.2088,97.9589,-60,-71,-99,-57,66,0.844109,0.155445,0.000445,0,0
21.9105,55.4848,29.9024,86.9794,96.5379,-59,-74,-44,-45,43,0.659792,0.336734,0.003474,0,0
3.7331,199.7837,23.8319,89.7372,97.4647,-67,-44,-90,-40,58,0.872351,0.127199,0.000451,0,0
11.8744,8.1232,26.9366,66.6263,99.9986,-63,-83,-67,-82,98,0.93338,0.066234,0.000385,0,0
37.1034,129.1645,26.8995,80.7317,98.2565,-52,-59,-67,-56,70,0.340388,0.655515,0.004097,1,0
22.7601,7.7399,24.3431,87.5634,97.8609,-58,-83,-87,-44,64,0.797778,0.201473,0.000749,0,0
18.2965,152.0421,21.9916,60.522,98.1966,-60,-54,-105,-93,69,0.875676,0.123788,0.000536,0,0
30.141,46.018,29.6658,83.9847,97.052,-55,-76,-46,-51,51,0.571816,0.42414,0.004044,0,0
29.6745,17.9664,20.6369,62.6821,98.2655,-55,-81,-115,-89,70,0.789716,0.209667,0.000616,0,0
1.9432,129.6899,24.8515,87.4966,98.9133,-68,-59,-83,-44,81,0.907963,0.091763,0.000274,0,0
28.3479,146.5202,22.2073,78.3604,96.4227,-56,-55,-103,-61,41,0.63961,0.358878,0.001512,0,0
33.5697,135.6191,22.9397,64.8621,97.1138,-53,-57,-97,-85,52,0.500633,0.496712,0.002655,0,0
6.6375,10.3802,28.2853,61.1823,96.8357,-66,-83,-56,-91,48,0.937756,0.061274,0.00097,0,0
31.2399,58.8614,23.6727,84.8346,98.9795,-54,-73,-92,-49,82,0.611694,0.387041,0.001265,0,0
11.4615,90.2177,20.8335,64.1848,99.7427,-63,-67,-113,-86,94,0.949957,0.049924,0.000119,0,0
12.2588,57.4207,21.9631,88.1862,97.6987,-63,-73,-105,-43,61,0.881015,0.118676,0.00031,0,0
26.6105,162.1027,28.6037,62.726,98.533,-57,-52,-54,-89,75,0.68091,0.315377,0.003712,0,0
4.4557,26.223,29.7703,85.1394,96.1248,-67,-80,-45,-49,37,0.809969,0.18771,0.00232,0,0
26.5949,122.4359,22.6798,72.706,96.526,-57,-60,-99,-71,43,0.726341,0.272407,0.001252,0,0
35.5143,197.643,26.7541,86.1821,97.5378,-52,-45,-68,-47,59,0.276888,0.71767,0.005442,1,0
27.8525,180.5113,20.812,83.0572,98.6576,-56,-48,-114,-52,77,0.630954,0.368117,0.000929,0,0
17.6131,44.4314,27.2347,85.5865,98.5613,-61,-76,-64,-48,75,0.805528,0.193545,0.000927,0,0
17.5286,0.0164,24.1644,74.1073,96.7686,-61,-85,-88,-68,47,0.870228,0.129099,0.000673,0,0
30.6038,196.1195,29.1816,81.413,96.5316,-55,-45,-49,-55,43,0.385027,0.608136,0.006838,1,0
22.6257,176.5426,23.1154,69.56,99.7523,-58,-49,-96,-76,94,0.719664,0.279486,0.00085,0,0
3.3962,183.8945,29.4147,61.4152,97.4214,-67,-48,-48,-91,57,0.925874,0.072783,0.001342,0,0
23.3068,83.1007,25.0325,66.972,97.8417,-58,-68,-81,-81,64,0.816968,0.181901,0.001131,0,0
32.5937,148.9231,23.4889,60.0408,96.3814,-54,-55,-93,-94,41,0.585801,0.411025,0.003175,0,0
13.4827,42.5663,26.4702,70.8908,99.6409,-63,-76,-70,-74,92,0.91622,0.083345,0.000435,0,0
37.1031,78.4608,22.4975,74.8149,98.6721,-52,-69,-101,-67,77,0.479831,0.518579,0.00159,1,0
30.0287,170.3096,22.2976,60.5822,98.0399,-55,-50,-102,-93,67,0.617647,0.380572,0.001781,0,0
22.9626,25.5224,21.9635,60.2319,97.7251,-58,-80,-105,-93,62,0.893469,0.106068,0.000463,0,0
30.0658,178.7731,29.599,80.5939,96.2059,-55,-49,-46,-57,38,0.41592,0.576573,0.007507,1,0
3.166,99.3016,24.9291,63.0131,96.8572,-67,-65,-82,-88,48,0.945312,0.054211,0.000477,0,0
34.3756,85.2191,27.5161,62.2154,99.4243,-53,-68,-62,-90,89,0.537793,0.458526,0.003681,0,0
32.8602,61.1293,24.7399,74.8679,98.4888,-54,-73,-83,-67,74,0.583731,0.414561,0.001708,0,0
36.3949,183.3698,25.8754,81.5448,96.7755,-52,-48,-75,-55,47,0.303293,0.691574,0.005133,1,0
5.1452,103.5247,25.8414,89.315,96.7568,-66,-64,-75,-41,47,0.84355,0.155676,0.000773,0,0
3.2712,160.8053,29.7989,68.8619,97.4005,-67,-52,-45,-78,57,0.906476,0.092055,0.00147,0,0
5.5366,171.5304,26.6843,63.5255,98.4612,-66,-50,-69,-87,73,0.933793,0.065626,0.00058,0,0
15.9751,184.4765,22.3977,62.0561,98.1697,-61,-48,-101,-90,69,0.880167,0.119284,0.000549,0,0
16.9723,60.6761,20.152,66.2253,98.1081,-61,-73,-119,-82,68,0.924948,0.074858,0.000194,0,0
22.4887,67.9622,22.1868,63.0016,99.4757,-58,-71,-103,-88,90,0.85337,0.146174,0.000456,0,0
4.8897,119.0148,24.5552,60.1015,99.445,-66,-61,-85,-93,89,0.958258,0.041514,0.000228,0,0
8.056,88.2648,23.9342,68.5522,99.3808,-65,-67,-90,-78,88,0.942113,0.057665,0.000222,0,0
32.4658,186.5685,28.1233,64.9262,98.8098,-54,-47,-58,-85,79,0.442196,0.552481,0.005324,1,0
18.7195,79.5128,27.8556,60.5475,97.5698,-60,-69,-60,-93,59,0.879473,0.118995,0.001532,0,0
32.3175,95.5556,20.891,70.639,97.0774,-54,-66,-113,-75,52,0.610124,0.388658,0.001218,0,0
0.2971,123.4372,29.5201,84.7775,99.8228,-69,-60,-47,-49,95,0.910866,0.088586,0.000549,0,0
22.0637,80.9479,25.2746,69.1098,96.1811,-59,-69,-79,-77,37,0.821906,0.176609,0.001485,0,0
37.2773,198.4957,25.964,81.303,98.4735,-52,-45,-74,-55,74,0.282773,0.713153,0.004074,1,0
23.287,19.7703,24.0506,81.862,99.3845,-58,-81,-89,-54,88,0.823125,0.176398,0.000478,0,0
8.2438,44.1207,26.495,60.7667,97.0877,-65,-76,-70,-92,52,0.937155,0.062144,0.0007,0,0
28.7103,64.531,28.7133,88.8536,99.915,-56,-72,-53,-42,96,0.619241,0.378811,0.001948,0,0
15.1594,29.5446,26.7394,64.1703,99.5437,-62,-79,-68,-86,91,0.924958,0.074552,0.00049,0,0
26.7354,56.8438,29.701,81.5239,96.7973,-57,-73,-45,-55,47,0.655164,0.34105,0.003786,0,0
1.1728,155.8491,27.0112,71.3833,97.0812,-68,-53,-66,-73,52,0.920792,0.078437,0.000771,0,0
25.436,104.5784,28.2172,86.0467,99.5892,-57,-64,-57,-47,91,0.634132,0.364029,0.001838,0,0
1.2879,6.7907,20.4504,89.8488,96.437,-68,-84,-116,-40,41,0.919665,0.080151,0.000184,0,0
29.7912,196.5245,26.727,65.7997,96.7539,-55,-45,-68,-83,46,0.5113,0.483364,0.005337,0,0
18.9165,123.2013,26.5475,84.5837,98.4342,-60,-60,-70,-50,73,0.77488,0.224094,0.001026,0,0
4.8702,11.7879,21.0175,75.1651,96.5881,-66,-83,-112,-66,44,0.935033,0.06476,0.000207,0,0
21.7054,132.2338,28.4239,88.9629,98.2902,-59,-58,-55,-42,71,0.706199,0.291944,0.001857,0,0
2.671,75.6739,26.1417,79.7427,98.3022,-67,-70,-73,-58,71,0.915575,0.083998,0.000427,0,0
26.1346,27.1347,20.9833,77.7971,98.3854,-57,-79,-112,-62,72,0.815411,0.184176,0.000414,0,0
39.8435,112.7329,25.9447,66.8857,97.0028,-51,-62,-74,-81,50,0.359549,0.63511,0.005341,1,0
30.7759,145.416,24.7842,81.561,99.2843,-55,-55,-83,-55,86,0.529131,0.469101,0.001768,0,0
22.951,134.2253,22.3329,68.646,99.8818,-58,-58,-102,-78,96,0.776424,0.222991,0.000585,0,0
4.1054,49.5026,20.1976,85.3728,97.1115,-67,-75,-118,-48,52,0.924618,0.075229,0.000153,0,0
27.9934,104.9732,23.6557,89.3179,99.462,-56,-64,-92,-41,89,0.674063,0.324949,0.000988,0,0
26.4467,107.5327,26.1985,60.2338,97.1722,-57,-63,-72,-93,53,0.774976,0.222681,0.002343,0,0
1.9639,143.3607,23.2928,88.639,97.3957,-68,-56,-95,-42,57,0.897006,0.102683,0.000311,0,0
31.692,71.9735,23.0725,70.7538,99.1418,-54,-70,-96,-74,84,0.602244,0.396532,0.001224,0,0
20.7487,159.5465,27.5112,74.6495,96.5493,-59,-53,-62,-67,43,0.745901,0.251548,0.002551,0,0
17.0347,125.5844,27.5862,87.7226,96.2472,-61,-59,-62,-44,38,0.709966,0.287832,0.002202,0,0
31.5275,7.6663,27.1877,83.2787,97.5465,-54,-83,-65,-52,59,0.599764,0.397775,0.002461,0,0
16.4628,109.2958,21.0118,67.2967,96.5187,-61,-63,-112,-81,43,0.89527,0.104304,0.000426,0,0
19.2411,172.3824,25.1617,62.9056,96.3182,-60,-50,-80,-88,40,0.84243,0.156027,0.001543,0,0
7.2652,113.5148,25.578,85.2368,98.3549,-65,-62,-77,-48,72,0.869171,0.130317,0.000513,0,0
12.8528,35.1657,27.448,82.4118,96.7359,-63,-78,-63,-53,46,0.826686,0.172017,0.001297,0,0
33.8213,102.0753,29.0318,85.7502,97.2036,-53,-64,-51,-47,54,0.392059,0.602282,0.005659,1,0
7.4761,151.3892,23.6904,71.5212,98.9164,-65,-54,-92,-73,81,0.926356,0.073365,0.000278,0,0
16.6916,22.021,24.2866,74.7634,96.372,-61,-81,-87,-67,40,0.856065,0.143112,0.000823,0,0
39.5614,163.4198,27.3277,73.9506,99.9759,-51,-52,-64,-69,97,0.242625,0.753473,0.003902,1,0
9.464,33.4963,26.6264,69.4417,97.235,-64,-78,-69,-77,54,0.908402,0.090799,0.000799,0,0
36.6733,106.8153,25.5787,70.0702,98.1825,-52,-63,-77,-76,69,0.410243,0.58633,0.003427,1,0
36.7359,77.1487,23.5014,81.5595,99.1674,-52,-69,-93,-55,85,0.468032,0.53021,0.001758,1,0
3.6519,49.7248,21.9535,82.5921,96.948,-67,-75,-105,-53,50,0.919926,0.079842,0.000232,0,0
18.5461,129.4865,21.8381,85.9156,97.3647,-60,-59,-106,-47,56,0.833192,0.166295,0.000513,0,0
20.0887,7.4784,20.8158,85.3471,96.8251,-60,-83,-114,-48,48,0.861003,0.138629,0.000369,0,0
12.5468,152.0092,20.812,82.6181,97.5143,-63,-54,-114,-53,58,0.880264,0.119444,0.000293,0,0
1.8936,105.3881,28.458,69.9833,98.9397,-68,-64,-55,-76,81,0.939613,0.059839,0.000548,0,0
9.6674,175.1542,23.8367,81.3014,98.8577,-64,-49,-90,-55,80,0.877125,0.122503,0.000372,0,0
3.8212,104.1437,20.6074,89.1787,96.7281,-67,-64,-115,-41,46,0.910945,0.088837,0.000218,0,0
9.53,7.0066,28.9643,87.4872,97.9077,-64,-84,-51,-44,65,0.832599,0.166266,0.001135,0,0
32.3116,28.7202,22.2327,89.1446,98.7528,-54,-79,-103,-41,78,0.6809,0.318199,0.000901,0,0
35.7991,159.1209,22.6812,61.0862,98.9526,-52,-53,-99,-92,81,0.426144,0.571512,0.002344,1,0
1.7289,98.3952,21.945,78.348,98.5441,-68,-65,-105,-61,75,0.944555,0.055306,0.00014,0,0
12.0779,88.3759,29.675,66.4603,96.7793,-63,-67,-46,-82,47,0.87093,0.126841,0.002229,0,0
39.2233,63.687,21.1254,67.3968,99.4723,-51,-72,-111,-80,89,0.454559,0.544218,0.001223,1,0
21.5802,56.9098,27.2216,85.3218,97.1538,-59,-73,-64,-48,53,0.725285,0.273032,0.001683,0,0
25.0524,193.1773,29.3209,82.5058,97.4797,-57,-46,-48,-53,58,0.511573,0.483865,0.004562,0,0
0.2218,86.5939,26.68,69.8641,98.234,-69,-67,-69,-76,70,0.949618,0.050001,0.000381,0,0
19.3964,176.8006,28.5873,75.5975,99.4375,-60,-49,-54,-66,89,0.755131,0.24314,0.001729,0,0
39.5331,129.6326,22.4245,65.6499,98.5986,-51,-59,-101,-83,76,0.371966,0.62582,0.002213,1,0
15.0074,171.6855,26.7393,60.1148,98.8068,-62,-50,-68,-93,79,0.898658,0.100438,0.000904,0,0
3.8815,170.4899,27.0087,86.9987,96.8655,-67,-50,-66,-45,48,0.845021,0.153957,0.001022,0,0
18.4764,191.2624,24.5833,81.2893,97.4102,-60,-46,-85,-55,57,0.751003,0.247888,0.001109,0,0
38.5202,139.5884,28.7055,75.8646,96.5476,-51,-57,-53,-65,43,0.258678,0.73291,0.008412,1,0
13.6732,161.0794,26.9439,61.623,98.9476,-62,-52,-67,-91,81,0.90018,0.098962,0.000858,0,0
31.9569,146.6256,28.9488,72.6252,99.795,-54,-55,-51,-71,95,0.430445,0.565392,0.004163,1,0
31.9539,121.0454,27.532,71.4013,98.9395,-54,-60,-62,-73,81,0.489864,0.506641,0.003496,1,0
8.3299,143.4708,25.2029,65.1464,96.4987,-65,-56,-80,-84,42,0.914255,0.084954,0.000791,0,0
17.7347,143.1501,24.9869,64.6856,98.7735,-61,-56,-82,-85,78,0.88374,0.115595,0.000665,0,0
28.6241,8.1816,24.5373,65.1953,97.7329,-56,-83,-85,-84,62,0.807038,0.191844,0.001118,0,0
16.4208,103.2222,20.2165,77.9051,96.3685,-61,-64,-118,-62,40,0.858075,0.141535,0.00039,0,0
7.6403,158.5303,25.3514,63.7411,99.9979,-65,-53,-79,-87,98,0.944188,0.055524,0.000288,0,0
38.6998,48.5924,24.2297,67.1565,98.8965,-51,-75,-87,-81,80,0.451364,0.546286,0.002351,1,0
26.03,93.0296,21.5753,88.3882,98.4898,-57,-66,-108,-43,74,0.766486,0.232901,0.000612,0,0
34.6184,86.9971,21.1907,66.5839,99.4924,-53,-67,-111,-82,90,0.562494,0.436483,0.001022,0,0
1.0097,80.5574,24.4935,82.9157,97.3014,-68,-69,-85,-53,55,0.915282,0.084348,0.00037,0,0
10.6762,24.3679,20.3991,77.9412,98.6674,-64,-80,-117,-61,77,0.929586,0.07029,0.000124,0,0
20.0828,105.1423,29.8658,72.3947,97.8731,-60,-64,-44,-71,64,0.80096,0.196593,0.002447,0,0
2.6979,89.2497,23.7812,77.8586,96.4958,-67,-67,-91,-62,42,0.91445,0.085114,0.000436,0,0
39.7213,132.6786,23.8211,64.0086,98.1643,-51,-58,-91,-86,69,0.366419,0.630403,0.003179,1,0
9.4585,109.8826,20.5113,74.5256,98.5276,-64,-63,-116,-68,75,0.927233,0.072611,0.000155,0,0
14.9717,5.5086,24.2667,89.164,97.893,-62,-84,-87,-41,64,0.851099,0.148403,0.000497,0,0
8.5605,6.3836,20.1575,72.8316,96.5011,-65,-84,-119,-71,42,0.936766,0.063046,0.000188,0,0
4.2178,140.272,20.3009,67.2864,96.3011,-67,-56,-118,-81,39,0.946273,0.053514,0.000213,0,0
9.2992,141.5162,23.391,87.8252,98.6594,-64,-56,-94,-44,77,0.875902,0.123759,0.000339,0,0
12.0244,191.9878,28.2097,78.3232,99.3516,-63,-46,-57,-61,88,0.846697,0.152334,0.000969,0,0
25.3777,175.3409,24.5882,81.8357,99.6964,-57,-49,-85,-55,93,0.611932,0.386802,0.001266,0,0
11.2494,93.6119,20.1484,76.3021,97.5527,-64,-66,-119,-64,59,0.916247,0.083565,0.000188,0,0
14.4911,125.1813,21.6322,60.3361,99.7533,-62,-60,-107,-93,94,0.933007,0.066788,0.000206,0,0
0.2377,91.4363,27.3992,82.671,99.2792,-69,-66,-63,-53,86,0.926211,0.073418,0.000371,0,0
14.6288,44.5892,27.3829,89.3609,97.6962,-62,-76,-63,-41,61,0.787554,0.21132,0.001126,0,0
21.3554,75.3354,27.5452,81.4856,97.6253,-59,-70,-62,-55,60,0.754045,0.244331,0.001623,0,0
6.4806,20.7768,23.5167,84.2627,97.3339,-66,-81,-93,-50,56,0.904621,0.095064,0.000315,0,0
23.8973,133.3054,23.5228,85.5476,96.2765,-58,-58,-93,-48,39,0.742197,0.25655,0.001253,0,0
11.7261,38.406,28.0208,89.976,96.0389,-63,-77,-58,-40,35,0.750625,0.247426,0.001949,0,0
25.282,95.0936,23.9814,68.6584,96.982,-57,-66,-89,-78,50,0.765778,0.232863,0.001359,0,0
1.0479,193.4873,27.2719,73.4815,97.0185,-68,-46,-64,-69,51,0.907414,0.091678,0.000909,0,0
35.5037,6.3338,25.8112,76.2848,98.9186,-52,-84,-75,-64,81,0.503535,0.494373,0.002092,0,0
0.6447,30.346,23.6434,64.5737,96.6295,-68,-79,-92,-85,44,0.956899,0.042806,0.000295,0,0
5.0783,59.7158,20.8001,74.4293,98.7697,-66,-73,-114,-68,78,0.947706,0.052182,0.000112,0,0
31.0865,188.3614,21.1613,68.3094,98.9213,-55,-47,-111,-79,81,0.553557,0.445273,0.00117,0,0
1.8358,181.7684,28.8956,85.108,97.8389,-68,-48,-52,-49,64,0.868687,0.130257,0.001056,0,0
28.4399,32.4002,24.5234,70.4119,96.4706,-56,-78,-85,-75,42,0.765828,0.23267,0.001501,0,0
38.8418,196.2236,29.94,62.4505,98.878,-51,-45,-44,-89,80,0.24752,0.742268,0.010212,1,0
34.8673,150.1495,23.639,60.3026,99.6546,-53,-54,-92,-93,92,0.491366,0.506456,0.002178,1,0
28.4065,107.9954,22.4995,85.8163,97.4647,-56,-63,-101,-47,58,0.688878,0.309998,0.001124,0,0
38.3404,186.3406,23.5054,85.7654,99.035,-51,-47,-93,-47,83,0.293302,0.703912,0.002786,1,0
17.1925,176.1214,23.4309,88.0227,98.9677,-61,-49,-94,-43,81,0.824349,0.175136,0.000515,0,0
34.9152,78.2633,26.3736,62.1764,96.2162,-53,-69,-71,-90,38,0.571181,0.423812,0.005007,0,0
14.2383,131.2686,20.1274,71.8428,96.2228,-62,-58,-119,-72,38,0.887509,0.112124,0.000367,0,0
37.1905,129.477,27.6327,72.8458,98.7065,-52,-59,-61,-71,77,0.345621,0.649757,0.004622,1,0
5.9511,65.3936,24.1641,85.8265,99.3236,-66,-72,-88,-47,87,0.909142,0.090632,0.000227,0,0
37.6012,35.878,24.3224,67.8426,99.6822,-52,-78,-87,-80,93,0.531213,0.46709,0.001697,0,0
33.3086,93.362,24.8112,69.0661,96.5667,-54,-66,-83,-77,43,0.583451,0.413643,0.002907,0,0
33.8422,52.6562,24.4921,81.9818,98.3336,-53,-74,-85,-54,71,0.538366,0.459712,0.001922,0,0
4.9569,71.013,24.9747,65.4016,97.1282,-66,-71,-82,-84,52,0.938581,0.060948,0.000471,0,0
23.8595,190.8288,23.459,79.0612,96.8908,-58,-46,-93,-59,49,0.670818,0.327709,0.001473,0,0
0.6557,92.2276,24.5335,82.2663,98.9536,-68,-66,-85,-54,81,0.929216,0.070551,0.000233,0,0
28.8474,136.9783,24.0465,65.4136,97.6528,-56,-57,-89,-84,61,0.678356,0.319806,0.001838,0,0
0.3095,67.246,25.1824,66.6583,97.7508,-69,-71,-80,-82,62,0.958076,0.041627,0.000297,0,0
3.3929,199.1722,26.2327,80.9943,99.3776,-67,-45,-72,-56,88,0.903652,0.095931,0.000417,0,0
9.0199,131.7535,22.4104,83.8351,96.9547,-65,-58,-101,-51,50,0.876083,0.123529,0.000388,0,0
35.005,39.2019,25.0844,88.6006,98.1134,-53,-77,-81,-42,68,0.557502,0.440427,0.002071,0,0
14.5431,19.6368,25.9462,69.2595,99.3108,-62,-81,-74,-77,87,0.914294,0.085262,0.000445,0,0
21.5984,188.6361,20.1695,76.459,96.5276,-59,-47,-119,-64,43,0.776223,0.223112,0.000665,0,0
22.7241,188.9556,25.2049,64.4044,98.3847,-58,-47,-80,-86,72,0.728179,0.270037,0.001784,0,0
9.0185,124.2657,22.3929,73.1069,99.3488,-65,-60,-101,-70,88,0.934462,0.065362,0.000176,0,0
22.8859,3.3983,24.0454,67.8336,99.0579,-58,-84,-89,-80,83,0.873499,0.126003,0.000498,0,0
26.4381,45.107,28.2653,70.464,99.5379,-57,-76,-56,-75,90,0.767267,0.231081,0.001653,0,0
11.9298,160.2554,23.2624,84.101,96.1303,-63,-52,-95,-50,37,0.820372,0.178858,0.000769,0,0
16.7451,175.092,24.8322,84.0969,98.7658,-61,-49,-83,-50,78,0.802095,0.197201,0.000705,0,0
18.1236,90.798,20.2474,81.1352,96.8157,-60,-67,-118,-56,47,0.855377,0.144243,0.00038,0,0
37.294,73.1041,23.0875,63.7092,98.2281,-52,-70,-96,-87,70,0.521913,0.475985,0.002102,0,0
23.4997,54.845,26.3972,68.5208,99.0991,-58,-74,-71,-78,84,0.823168,0.175812,0.00102,0,0
37.9301,23.3941,23.1516,88.1789,97.6808,-51,-80,-96,-43,61,0.500525,0.497415,0.00206,0,0
22.2414,23.1489,22.058,73.5758,98.8168,-59,-80,-104,-69,79,0.881741,0.117962,0.000298,0,0
20.0225,190.5205,22.9066,78.6553,99.3616,-60,-46,-98,-60,88,0.770786,0.228631,0.000582,0,0
0.1413,161.7252,29.5438,60.5493,99.7829,-69,-52,-47,-93,94,0.958516,0.040964,0.000519,0,0
19.2356,32.9559,20.868,75.5406,98.1804,-60,-78,-113,-66,69,0.886725,0.113022,0.000253,0,0
37.0982,41.41,24.6336,80.6743,97.2644,-52,-77,-84,-57,55,0.494832,0.502606,0.002561,1,0
7.9346,131.1103,20.5839,61.7665,97.5601,-65,-58,-115,-90,59,0.95002,0.049791,0.000189,0,0
2.0836,152.9328,25.3866,63.4585,99.4624,-68,-54,-79,-87,89,0.958918,0.040841,0.000241,0,0
16.2712,162.063,21.4604,71.0511,96.9613,-61,-52,-109,-74,50,0.872879,0.126654,0.000467,0,0
14.8959,32.6675,26.3408,88.3338,99.5331,-62,-78,-71,-43,90,0.844444,0.155038,0.000518,0,0
34.2861,196.8257,22.644,67.4639,96.2313,-53,-45,-100,-80,38,0.409579,0.587137,0.003284,1,0
1.0644,45.5604,26.9092,60.6481,99.8853,-68,-76,-67,-92,96,0.967784,0.031981,0.000235,0,0
36.806,117.8831,23.4715,84.2784,96.4764,-52,-61,-93,-50,42,0.428907,0.567935,0.003158,1,0
27.2361,117.5232,20.0417,85.4775,99.5336,-56,-61,-120,-48,90,0.717968,0.2815,0.000532,0,0
36.169,193.4724,22.9489,76.1009,98.1631,-52,-46,-97,-65,69,0.334932,0.662418,0.002649,1,0
24.3012,131.5335,20.8189,86.7914,98.2453,-58,-58,-114,-46,70,0.782678,0.216784,0.000539,0,0
32.4781,116.9809,24.9504,65.371,99.9226,-54,-61,-82,-84,97,0.558127,0.43996,0.001913,0,0
136.109,135.296,23.8865,89.2099,99.3236,-7,-58,-90,-41,87,1.7e-05,0.98559,0.014393,1,0
123.8887,155.6515,25.5419,87.7958,96.0694,-12,-53,-77,-44,36,5.3e-05,0.975283,0.024664,1,0
112.1267,133.1442,21.7794,63.6421,96.9346,-18,-58,-106,-87,49,0.000237,0.989195,0.010568,1,0
114.2161,68.6,27.0065,72.2776,99.6444,-17,-71,-66,-72,92,0.000172,0.986913,0.012916,1,0
70.6775,101.3588,27.8131,77.9067,99.079,-36,-64,-60,-62,83,0.012088,0.978608,0.009304,1,0
97.3924,25.7491,26.3458,81.9716,96.5413,-24,-80,-71,-54,43,0.001285,0.982308,0.016407,1,0
94.3333,32.3235,28.6181,76.0519,96.8492,-26,-78,-54,-65,48,0.001587,0.97972,0.018693,1,0
68.1527,64.8137,21.307,79.4759,98.4746,-38,-72,-110,-59,74,0.040604,0.955374,0.004022,1,0
60.9063,128.737,20.0329,63.5042,97.1148,-41,-59,-120,-87,52,0.059229,0.936957,0.003814,1,0
61.3015,119.9189,22.6694,72.1888,96.8171,-41,-61,-99,-72,47,0.052684,0.941415,0.005901,1,0
118.9973,155.052,28.4004,60.2057,99.9336,-14,-53,-55,-93,97,4.4e-05,0.983529,0.016427,1,0
95.7965,106.4314,21.2697,79.5555,97.8345,-25,-63,-110,-59,64,0.001601,0.991204,0.007195,1,0
99.246,135.1342,27.6384,64.9343,98.0777,-23,-58,-61,-85,67,0.000463,0.983874,0.015663,1,0
80.2845,8.7768,29.293,72.119,98.609,-32,-83,-49,-72,76,0.006512,0.981372,0.012116,1,0
103.2671,186.6596,25.6077,74.9595,96.3029,-22,-47,-77,-67,39,0.00036,0.98109,0.01855,1,0
70.1766,169.2374,28.8304,79.9914,97.5861,-37,-51,-52,-58,60,0.010383,0.975468,0.014149,1,0
73.084,187.3229,22.481,82.8972,99.6217,-35,-47,-101,-53,92,0.010191,0.984856,0.004953,1,0
125.4115,34.725,27.2282,81.4531,99.7729,-11,-78,-64,-55,94,5.2e-05,0.9841,0.015848,1,0
62.1943,29.1947,27.8013,77.0346,97.981,-40,-79,-60,-63,66,0.043716,0.947369,0.008915,1,0
133.2811,108.0488,24.8749,75.8632,99.5689,-8,-63,-82,-65,91,2.1e-05,0.986034,0.013945,1,0
87.055,167.7437,26.0275,85.707,97.9961,-29,-51,-74,-48,66,0.002116,0.985658,0.012226,1,0
134.5727,147.6756,20.8889,86.0034,99.9424,-7,-55,-113,-47,97,2e-05,0.991105,0.008875,1,0
65.0959,51.7251,22.7634,61.8564,99.1488,-39,-74,-99,-90,84,0.042207,0.953984,0.003809,1,0
85.016,95.0499,20.7679,68.1043,99.3212,-30,-66,-114,-79,87,0.005332,0.990462,0.004207,1,0
107.4535,47.072,22.3944,87.6497,96.7457,-20,-75,-101,-44,46,0.000644,0.987769,0.011587,1,0
135.0244,112.846,28.9257,77.7796,96.018,-7,-62,-51,-62,35,1.9e-05,0.964853,0.035128,1,0
67.2003,113.5065,20.3085,64.0398,98.0198,-38,-62,-117,-86,66,0.031314,0.964846,0.003839,1,0
124.7354,16.624,24.9683,62.134,99.9312,-12,-82,-82,-90,97,7.8e-05,0.990003,0.009919,1,0
109.0419,126.5633,25.2267,62.833,99.869,-19,-59,-80,-89,96,0.000223,0.990412,0.009364,1,0
111.2006,19.4061,22.8577,83.0952,98.4567,-18,-81,-98,-52,73,0.000433,0.990362,0.009205,1,0
139.3847,5.5809,27.8162,66.6596,96.7386,-5,-84,-60,-82,46,1.9e-05,0.973921,0.02606,1,0
85.6866,171.0259,25.8954,67.2888,96.0359,-30,-50,-75,-81,35,0.002362,0.982715,0.014922,1,0
88.815,49.6894,21.9524,63.9179,97.986,-28,-75,-105,-87,66,0.003707,0.990194,0.006099,1,0
102.8683,93.0201,24.7119,77.9897,97.2078,-22,-66,-84,-61,54,0.000636,0.986224,0.01314,1,0
110.0067,187.5922,20.2337,75.4163,97.3472,-18,-47,-118,-66,56,0.000222,0.990789,0.008989,1,0
84.9397,125.0827,20.1791,68.4462,99.3331,-30,-60,-118,-78,87,0.00482,0.991115,0.004065,1,0
116.5059,74.5212,27.3489,79.7437,96.3574,-15,-70,-63,-58,40,0.000137,0.976133,0.023729,1,0
66.57,170.3683,21.7226,83.3335,96.3628,-38,-50,-107,-52,40,0.024119,0.96888,0.007001,1,0
75.5844,42.9149,29.6848,89.3878,97.7706,-34,-76,-46,-41,63,0.009529,0.975042,0.015429,1,0
61.0601,97.6525,23.5821,74.3614,97.6538,-41,-65,-92,-68,61,0.054203,0.940159,0.005638,1,0
119.9696,113.1477,26.9872,72.3895,96.2555,-14,-62,-66,-71,39,8.2e-05,0.975735,0.024182,1,0
135.8318,117.1653,24.6248,68.7653,98.182,-7,-61,-84,-78,69,1.5e-05,0.982852,0.017133,1,0
121.4969,3.502,24.0946,83.538,97.7281,-13,-84,-88,-51,62,0.00013,0.985869,0.014001,1,0
73.8297,75.3935,26.6794,89.1664,99.9722,-35,-70,-69,-41,97,0.013179,0.97949,0.007331,1,0
82.7086,102.9786,26.2606,78.0127,96.2643,-31,-64,-72,-61,39,0.004401,0.981206,0.014394,1,0
113.6943,91.5694,28.7686,79.2695,96.4697,-17,-66,-53,-59,42,0.00018,0.973899,0.025921,1,0
84.7557,164.3886,20.8442,80.6741,96.6337,-30,-52,-113,-57,45,0.004133,0.988235,0.007632,1,0
92.5455,144.5882,25.0655,72.6985,97.2994,-26,-56,-81,-71,55,0.001181,0.986486,0.012333,1,0
80.4643,186.4326,26.0769,66.6104,98.658,-32,-47,-73,-82,77,0.003353,0.987291,0.009357,1,0
102.7381,44.7562,26.4985,67.6836,99.866,-22,-76,-70,-80,96,0.000638,0.989827,0.009536,1,0
129.5581,31.2433,26.2548,78.516,99.6308,-10,-79,-72,-60,92,4.5e-05,0.985566,0.014389,1,0
79.1754,40.6438,23.6784,79.1295,97.7684,-33,-77,-92,-59,63,0.012047,0.980843,0.00711,1,0
102.363,131.2756,20.3108,73.8574,96.2837,-22,-58,-117,-69,39,0.000736,0.990105,0.009159,1,0
113.2003,50.3368,27.135,61.3002,98.5798,-17,-75,-65,-91,75,0.000176,0.985154,0.01467,1,0
60.5261,132.9139,20.4384,86.317,97.6707,-41,-58,-116,-46,61,0.063916,0.931948,0.004136,1,0
80.2378,136.6704,24.7071,67.3294,96.0934,-32,-57,-84,-80,36,0.004984,0.983381,0.011635,1,0
105.3814,16.2653,27.1912,77.431,99.2695,-21,-82,-65,-62,86,0.000595,0.987282,0.012123,1,0
126.016,148.0021,22.7351,82.1601,98.117,-11,-55,-99,-54,68,4.4e-05,0.986727,0.013229,1,0
78.2369,62.7929,20.278,65.5302,97.7515,-33,-72,-118,-84,62,0.012914,0.982601,0.004485,1,0
131.9078,44.2241,20.9272,74.1988,98.8946,-8,-76,-113,-68,80,4e-05,0.99111,0.00885,1,0
125.9652,51.7624,21.3911,60.0401,99.4327,-11,-74,-109,-94,89,6.7e-05,0.99257,0.007363,1,0
91.526,179.2594,26.651,61.4233,99.7289,-27,-49,-69,-91,94,0.001,0.989631,0.009369,1,0
125.078,121.0214,26.5353,67.5147,97.3265,-12,-60,-70,-80,56,4.1e-05,0.97873,0.021228,1,0
127.9399,129.9426,29.784,79.7617,96.7353,-10,-59,-45,-58,46,3.1e-05,0.966282,0.033686,1,0
82.5328,43.4247,23.2388,86.6003,97.3212,-31,-76,-95,-46,55,0.008038,0.983769,0.008192,1,0
69.2121,71.9926,21.3137,72.7346,99.9052,-37,-70,-110,-71,96,0.029201,0.967568,0.003231,1,0
68.0735,162.0966,21.7253,60.7511,96.3939,-38,-52,-107,-92,41,0.02184,0.971999,0.006161,1,0
130.46,68.035,20.3216,68.7816,99.8012,-9,-71,-117,-78,95,4.5e-05,0.993137,0.006818,1,0
99.5522,162.5301,28.2388,88.71,98.4739,-23,-52,-57,-42,74,0.000446,0.981627,0.017927,1,0
113.7162,39.997,20.7616,63.3366,96.0387,-17,-77,-114,-88,35,0.000329,0.989528,0.010142,1,0
91.2046,146.4751,28.9366,82.6712,99.4366,-27,-55,-51,-53,89,0.001098,0.984611,0.014291,1,0
122.4202,23.3622,20.4844,82.4198,98.7247,-13,-80,-116,-53,78,0.000159,0.992265,0.007576,1,0
125.9371,164.4771,28.1331,77.6977,96.5785,-11,-52,-57,-62,44,3.2e-05,0.970083,0.029885,1,0
131.4029,134.5424,21.9576,87.9267,97.3654,-9,-58,-105,-44,56,3.3e-05,0.985286,0.014681,1,0
111.3416,191.4636,20.2308,79.2645,99.4915,-18,-46,-118,-59,90,0.000219,0.993393,0.006388,1,0
131.3696,5.9044,27.0155,88.9952,98.9145,-9,-84,-66,-42,81,4.2e-05,0.981434,0.018523,1,0
129.3482,26.3714,20.0265,84.784,97.2746,-10,-80,-120,-49,55,8.4e-05,0.989861,0.010055,1,0
81.7315,5.4549,22.9767,83.8214,99.1769,-31,-84,-97,-51,85,0.009686,0.984867,0.005447,1,0
107.0838,3.3501,20.5709,88.5315,97.0192,-20,-84,-115,-43,51,0.000944,0.99065,0.008406,1,0
80.9727,169.2106,21.2137,78.5113,98.1977,-32,-51,-111,-60,69,0.006151,0.988146,0.005703,1,0
111.0255,126.285,21.2541,69.6705,99.7343,-18,-59,-110,-76,94,0.000259,0.993478,0.006263,1,0
131.7718,128.7528,27.2319,63.1099,97.7449,-9,-59,-64,-88,62,1.8e-05,0.976583,0.023399,1,0
98.6512,75.2255,29.7215,80.8279,98.225,-24,-70,-45,-56,70,0.000734,0.979745,0.019521,1,0
125.9648,10.6596,22.4459,75.6984,99.1048,-11,-83,-101,-65,84,8.6e-05,0.99072,0.009193,1,0
61.3684,86.2374,23.9891,71.5634,96.8149,-41,-67,-89,-73,47,0.054432,0.938843,0.006725,1,0
129.3715,31.4734,23.7439,88.4924,97.7962,-10,-79,-91,-43,63,6e-05,0.984843,0.015097,1,0
135.5363,186.919,22.568,87.3728,99.6802,-7,-47,-100,-45,93,1.5e-05,0.988041,0.011944,1,0
85.0725,175.709,27.127,71.3385,98.6074,-30,-49,-65,-73,76,0.002087,0.986282,0.011631,1,0
116.7716,60.1838,22.7131,88.3646,98.8055,-15,-73,-99,-43,79,0.000183,0.989929,0.009888,1,0
125.5385,3.4655,25.1441,72.9606,99.849,-11,-84,-80,-70,95,6.8e-05,0.988641,0.011291,1,0
69.9414,4.1851,21.2975,66.1842,98.3556,-37,-84,-110,-83,72,0.039613,0.956635,0.003752,1,0
93.1557,105.7678,28.4796,78.6195,99.4822,-26,-64,-55,-60,90,0.001106,0.986045,0.012848,1,0
76.5267,164.631,26.8737,62.8274,99.9697,-34,-52,-67,-89,97,0.005472,0.987033,0.007496,1,0
119.7247,68.4645,25.3876,64.58,98.705,-14,-71,-79,-85,77,9.4e-05,0.986943,0.012963,1,0
92.4732,131.489,26.1409,84.4282,98.7391,-26,-58,-73,-50,78,0.001216,0.987261,0.011522,1,0
60.0109,171.5965,22.2437,84.5732,96.7241,-41,-50,-103,-50,46,0.045854,0.947853,0.006293,1,0
81.0107,127.2446,28.4406,67.2184,97.8523,-32,-59,-55,-81,64,0.00373,0.982607,0.013663,1,0
76.2642,1.2259,21.2241,82.4059,98.9513,-34,-85,-110,-53,81,0.022774,0.973124,0.004102,1,0
65.9815,110.2281,28.8115,89.2071,97.3703,-39,-63,-52,-41,56,0.023616,0.962784,0.0136,1,0
102.4654,34.9699,26.1314,88.7352,96.4673,-22,-78,-73,-42,42,0.000866,0.981764,0.01737,1,0
86.9556,160.0128,29.4037,73.3357,96.0837,-29,-52,-48,-70,36,0.001561,0.974759,0.02368,1,0
77.5145,82.4745,22.8816,85.9172,98.6749,-33,-68,-98,-47,77,0.010709,0.983306,0.005984,1,0
134.9333,87.8399,29.3538,76.7131,96.1331,-7,-67,-48,-64,37,2.2e-05,0.965153,0.034826,1,0
85.9023,60.7819,26.3831,76.9437,97.953,-29,-73,-71,-63,65,0.003345,0.985423,0.011232,1,0
70.2162,45.9111,20.0999,67.1781,99.5308,-37,-76,-119,-81,90,0.035929,0.961277,0.002793,1,0
101.8543,31.9909,21.0289,71.5264,99.296,-22,-79,-112,-73,87,0.001131,0.993552,0.005317,1,0
131.3869,81.5351,25.9287,66.4462,98.8775,-9,-68,-74,-82,80,2.6e-05,0.983812,0.016162,1,0
122.2366,107.5165,20.9508,82.2735,99.439,-13,-63,-113,-54,89,0.0001,0.99227,0.00763,1,0
71.8551,180.1879,27.4788,79.2177,98.9937,-36,-48,-62,-59,82,0.008425,0.981653,0.009923,1,0
83.9184,80.3893,26.7197,84.1343,96.0727,-30,-69,-68,-50,36,0.003932,0.97961,0.016458,1,0
78.9735,64.3507,21.8734,78.5964,97.8849,-33,-72,-105,-60,64,0.012236,0.98196,0.005805,1,0
134.2109,163.635,26.3693,68.3155,96.0587,-7,-52,-71,-79,35,1.4e-05,0.971552,0.028435,1,0
82.3429,139.2384,25.6672,88.5758,98.2203,-31,-57,-76,-42,70,0.004098,0.985365,0.010537,1,0
73.5505,22.9568,22.4633,79.5213,96.9447,-35,-80,-101,-59,49,0.02286,0.970587,0.006553,1,0
96.4094,141.4665,27.0756,74.2901,97.7644,-25,-56,-66,-68,62,0.000796,0.984035,0.015169,1,0
108.9425,190.2404,22.5131,83.3272,96.8161,-19,-46,-101,-52,47,0.00024,0.986538,0.013223,1,0
72.681,99.4417,28.6473,67.6388,99.277,-36,-65,-54,-80,86,0.010829,0.979747,0.009423,1,0
61.9608,98.1171,23.9624,84.325,96.7373,-40,-65,-89,-50,46,0.045113,0.94728,0.007607,1,0
67.5812,144.715,24.9527,70.1488,97.3055,-38,-56,-82,-75,55,0.019394,0.972388,0.008219,1,0
112.0758,39.9714,26.6133,62.2397,96.0607,-18,-77,-69,-90,35,0.000272,0.980146,0.019582,1,0
73.0759,73.4008,28.8297,83.4864,97.2383,-35,-70,-52,-52,54,0.010682,0.974413,0.014906,1,0
80.7075,63.3843,24.5617,65.7288,96.1049,-32,-72,-85,-83,36,0.007228,0.982205,0.010567,1,0
114.0575,199.1766,26.549,79.329,97.7999,-17,-45,-70,-59,63,0.0001,0.980635,0.019266,1,0
129.709,32.3236,25.9685,68.0936,96.1078,-9,-78,-74,-79,36,4.4e-05,0.977537,0.02242,1,0
136.2137,34.7909,20.7215,80.5635,97.5527,-6,-78,-114,-57,59,2.8e-05,0.988147,0.011824,1,0
90.6866,92.1814,26.3289,63.7829,98.4262,-27,-66,-71,-87,73,0.001601,0.987792,0.010607,1,0
78.1097,54.8624,20.4637,78.7172,99.6401,-33,-74,-116,-60,92,0.014293,0.982162,0.003544,1,0
119.1306,174.1355,25.0561,65.7606,98.2146,-14,-50,-81,-83,70,5.8e-05,0.984957,0.014985,1,0
116.9939,87.2952,21.0653,75.1008,98.0604,-15,-67,-112,-67,67,0.000167,0.991072,0.008761,1,0
137.9538,136.9794,26.0868,86.181,96.1888,-6,-57,-73,-47,38,1.5e-05,0.971721,0.028263,1,0
67.831,163.6406,27.2098,74.2626,97.497,-38,-52,-65,-68,58,0.014951,0.974098,0.010951,1,0
130.2515,54.4092,27.8578,83.162,97.5744,-9,-74,-60,-52,59,3.6e-05,0.975728,0.024236,1,0
74.0528,146.5475,25.9001,64.3935,97.2947,-35,-55,-75,-86,55,0.008386,0.981678,0.009937,1,0
119.7868,79.8194,29.893,79.7146,99.5569,-14,-69,-44,-58,91,6.6e-05,0.97857,0.021364,1,0
139.634,50.9039,23.599,64.5594,97.583,-5,-75,-92,-85,60,1.5e-05,0.98381,0.016176,1,0
78.5423,178.0218,20.1133,83.057,96.8437,-33,-49,-119,-52,48,0.008406,0.985327,0.006266,1,0
119.3744,113.007,28.1842,81.4218,99.1401,-14,-62,-57,-55,84,6.5e-05,0.980504,0.019431,1,0
121.9326,99.2663,24.5233,72.0722,99.2501,-13,-65,-85,-72,86,7.2e-05,0.988203,0.011725,1,0
82.4767,36.1206,25.4258,74.1012,97.3816,-31,-78,-78,-68,56,0.00644,0.983572,0.009988,1,0
133.6984,180.3281,28.47,65.0524,99.2855,-8,-48,-55,-85,87,1e-05,0.977155,0.022835,1,0
65.5731,127.5684,22.6199,79.0656,98.8227,-39,-59,-100,-59,79,0.033415,0.961922,0.004663,1,0
78.3104,189.5247,23.2675,87.3806,96.44,-33,-46,-95,-45,41,0.006163,0.983484,0.010353,1,0
83.5664,8.8655,20.9671,76.8128,97.4726,-31,-83,-112,-64,58,0.010758,0.983722,0.00552,1,0
67.2043,23.3249,26.8179,69.4547,99.4083,-38,-80,-68,-77,88,0.029186,0.964436,0.006378,1,0
79.6202,175.4708,22.1299,72.2834,97.4918,-32,-49,-104,-72,58,0.005207,0.987758,0.007035,1,0
122.9731,90.3528,28.5324,66.5483,99.4603,-13,-67,-54,-82,89,5.1e-05,0.981857,0.018092,1,0
81.3787,93.3956,26.1027,73.2528,97.7818,-32,-66,-73,-70,63,0.005656,0.98408,0.010264,1,0
100.5293,44.6562,29.1137,74.8539,98.2585,-23,-76,-50,-67,70,0.000684,0.9818,0.017516,1,0
70.8283,97.6855,20.6099,88.2224,97.5576,-36,-65,-115,-43,59,0.024531,0.970388,0.005081,1,0
107.335,87.7046,29.9171,72.8971,98.4535,-20,-67,-44,-71,73,0.000248,0.978675,0.021077,1,0
108.8696,144.1714,23.9779,85.8676,98.0961,-19,-56,-89,-47,68,0.000271,0.987306,0.012423,1,0
77.4609,127.0969,25.4566,65.0048,99.37,-33,-59,-78,-85,88,0.005933,0.987111,0.006956,1,0
65.9721,159.797,26.4373,76.3551,99.8694,-39,-53,-70,-64,96,0.020336,0.973145,0.006518,1,0
116.1428,156.6203,24.8528,77.7234,97.1568,-16,-53,-83,-62,53,0.000111,0.982781,0.017108,1,0
110.6749,84.3035,25.2789,77.8116,96.6171,-18,-68,-79,-62,44,0.000247,0.982096,0.017657,1,0
98.58,60.2968,24.1716,75.0645,97.3101,-24,-73,-88,-67,55,0.001238,0.987842,0.01092,1,0
131.6338,65.3587,21.8688,83.0144,98.8499,-9,-72,-106,-52,80,4.6e-05,0.989709,0.010245,1,0
138.1816,197.9881,29.6944,65.1859,96.843,-6,-45,-45,-84,48,7e-06,0.962233,0.03776,1,0
118.5915,81.8464,28.011,62.0431,97.2877,-15,-68,-58,-90,55,9e-05,0.977923,0.021988,1,0
136.9819,151.0933,25.9789,64.2816,99.7399,-6,-54,-74,-86,94,9e-06,0.983925,0.016066,1,0
71.7716,16.5484,20.5658,76.8969,99.0135,-36,-82,-115,-63,82,0.033993,0.962575,0.003432,1,0
72.7637,85.913,28.9472,67.4917,99.8141,-35,-68,-51,-80,95,0.008902,0.981949,0.009148,1,0
139.9254,65.7744,20.7741,82.1561,96.3468,-5,-72,-114,-54,40,2e-05,0.984508,0.015472,1,0
90.1231,32.0426,27.8218,61.8857,97.9496,-28,-78,-60,-90,65,0.002394,0.985035,0.012571,1,0
104.7568,4.7747,20.5883,87.2698,99.6185,-21,-84,-115,-45,92,0.001161,0.993622,0.005217,1,0
135.5786,50.3897,27.6127,88.5514,97.7578,-7,-75,-61,-42,62,2.5e-05,0.975279,0.024696,1,0
108.318,158.6643,28.4458,83.5695,98.7573,-19,-53,-55,-51,78,0.000169,0.980412,0.01942,1,0
129.6033,59.4983,24.4975,86.3386,96.681,-10,-73,-85,-46,45,5.5e-05,0.980487,0.019458,1,0
116.5837,174.6035,25.5459,71.3503,96.987,-15,-50,-77,-73,50,7.3e-05,0.9802,0.019727,1,0
128.4702,115.7695,28.3758,64.7879,97.694,-10,-61,-56,-85,61,2.4e-05,0.974711,0.025264,1,0
97.6238,160.9471,29.7069,65.9985,97.2552,-24,-52,-45,-83,54,0.000426,0.97622,0.023355,1,0
135.9504,199.8725,20.1777,75.0382,98.5755,-7,-44,-118,-67,75,1.5e-05,0.989666,0.010319,1,0
70.0209,128.1126,21.2979,79.8416,99.3057,-37,-59,-110,-58,87,0.023569,0.972523,0.003907,1,0
124.6137,68.1759,28.6415,77.0637,97.4324,-12,-71,-54,-63,57,6e-05,0.975099,0.024841,1,0
78.8234,62.0049,26.7855,63.1482,99.0529,-33,-72,-68,-88,83,0.007263,0.984681,0.008057,1,0
109.5051,194.5375,22.7236,81.8172,97.1206,-19,-45,-99,-55,52,0.000226,0.986873,0.012902,1,0
122.101,142.9135,24.4513,83.6699,97.6123,-13,-56,-86,-51,60,6.3e-05,0.983124,0.016813,1,0
116.0801,100.5006,21.1117,60.8857,96.1423,-16,-65,-111,-92,37,0.000184,0.988582,0.011234,1,0
95.1684,42.8152,20.2868,73.767,96.5785,-25,-76,-118,-69,44,0.002351,0.990485,0.007164,1,0
134.4279,97.9791,27.3199,73.1338,96.4497,-7,-65,-64,-70,42,1.9e-05,0.972222,0.027759,1,0
72.9463,152.428,27.2407,62.0166,98.3077,-35,-54,-64,-90,71,0.007083,0.982956,0.009961,1,0
117.6007,194.9434,26.9429,65.3031,98.5106,-15,-45,-67,-84,74,5.5e-05,0.982106,0.017839,1,0
80.2544,134.562,28.8445,84.4497,96.2215,-32,-58,-52,-50,38,0.003988,0.97534,0.020672,1,0
115.0371,4.9272,22.8664,77.5392,98.2344,-16,-84,-98,-62,70,0.000282,0.990032,0.009687,1,0
75.2497,93.0348,24.2362,66.5671,99.0126,-34,-66,-87,-82,82,0.009975,0.983984,0.006041,1,0
63.8225,165.5354,22.5058,73.7521,98.0165,-40,-51,-101,-69,66,0.03392,0.960913,0.005167,1,0
122.7834,102.1035,26.2531,85.6386,97.8467,-13,-64,-72,-48,64,6.7e-05,0.980305,0.019628,1,0
125.3957,68.8215,26.3702,63.0687,98.5371,-11,-71,-71,-88,75,4.2e-05,0.983602,0.016356,1,0
72.9944,172.221,24.0778,88.6645,97.53,-35,-50,-89,-42,59,0.010179,0.981085,0.008736,1,0
124.568,115.5184,29.3513,64.2429,98.4302,-12,-62,-48,-86,73,3.4e-05,0.975539,0.024428,1,0
86.2434,100.8783,24.8855,68.7224,99.6984,-29,-64,-82,-78,93,0.00282,0.99022,0.006959,1,0
105.6918,97.2576,29.1765,65.4444,99.4196,-20,-65,-49,-84,89,0.000237,0.983786,0.015978,1,0
108.1506,136.2988,27.3046,74.0867,98.951,-19,-57,-64,-68,81,0.000193,0.984563,0.015244,1,0
133.0906,91.0566,29.3865,69.3169,99.4942,-8,-66,-48,-77,90,1.5e-05,0.976691,0.023294,1,0
105.6184,113.424,27.577,89.6552,97.199,-20,-62,-62,-41,53,0.000318,0.978483,0.021199,1,0
129.5165,57.7031,22.2469,60.4621,99.0018,-10,-73,-103,-93,82,4.9e-05,0.990862,0.009089,1,0
93.7216,34.3731,26.8966,69.6461,97.1662,-26,-78,-67,-76,53,0.001715,0.984203,0.014081,1,0
112.2538,164.0107,22.3844,77.8409,98.0654,-17,-52,-102,-62,67,0.000168,0.989279,0.010553,1,0
75.3173,63.8395,22.9061,70.2007,97.9511,-34,-72,-98,-75,65,0.013505,0.980508,0.005987,1,0
116.9771,25.1329,22.2145,73.6732,96.1897,-15,-80,-103,-69,38,0.00021,0.986833,0.012957,1,0
134.2204,36.8524,24.9637,72.7566,98.2815,-7,-78,-82,-71,71,2.4e-05,0.983651,0.016325,1,0
94.1741,82.5324,24.3402,62.5869,98.0196,-26,-68,-87,-89,66,0.001584,0.989469,0.008947,1,0
111.7832,57.0854,29.0714,79.4715,98.0767,-18,-73,-50,-59,67,0.000213,0.978488,0.021299,1,0
103.5438,139.0165,25.9313,85.0203,96.1274,-21,-57,-74,-49,37,0.000389,0.979297,0.020315,1,0
61.1601,69.9802,23.5977,75.8348,97.4968,-41,-71,-92,-65,58,0.063151,0.931194,0.005655,1,0
132.6226,117.17,26.2335,64.4875,97.6927,-8,-61,-72,-86,61,1.7e-05,0.978484,0.021499,1,0
124.7432,33.4221,23.4153,74.4382,98.9453,-12,-78,-94,-68,81,8.8e-05,0.989431,0.010481,1,0
93.2388,27.317,28.3632,60.4238,98.9379,-26,-79,-56,-93,81,0.001442,0.986698,0.01186,1,0
67.2775,181.2621,20.8908,87.2244,97.5266,-38,-48,-113,-45,59,0.024932,0.969749,0.005319,1,0
88.1276,172.9172,22.1871,67.2178,97.6147,-28,-50,-103,-81,60,0.001998,0.990311,0.00769,1,0
102.0513,179.5468,20.9405,87.0708,98.8432,-22,-49,-113,-45,80,0.000604,0.992385,0.00701,1,0
79.5339,98.6862,28.6716,77.5232,97.6784,-32,-65,-53,-62,61,0.004551,0.980533,0.014916,1,0
126.6004,14.0874,22.7207,89.5,98.4263,-11,-82,-99,-41,73,9e-05,0.988443,0.011466,1,0
83.6382,62.0374,29.9473,85.4797,97.0694,-31,-72,-44,-48,51,0.004188,0.976102,0.01971,1,0
76.3947,176.2804,21.519,60.3327,96.2153,-34,-49,-108,-93,38,0.008101,0.984658,0.007241,1,0
73.8291,84.5008,23.2417,60.4536,98.7771,-35,-68,-95,-93,78,0.013876,0.980983,0.00514,1,0
118.1016,65.3735,28.9333,82.3032,98.6753,-15,-72,-51,-54,77,0.000102,0.978668,0.02123,1,0
103.7298,59.0994,26.3539,75.5039,96.3335,-21,-73,-71,-66,40,0.000523,0.981134,0.018342,1,0
115.678,109.8887,24.9481,82.661,96.0977,-16,-63,-82,-53,36,0.000157,0.980034,0.019809,1,0
83.2276,90.4554,21.6382,77.6908,96.0098,-31,-67,-107,-62,35,0.006986,0.984673,0.008342,1,0
92.0002,74.9779,27.9092,66.9684,96.5196,-27,-70,-59,-81,43,0.0016,0.980684,0.017716,1,0
131.6486,84.6087,23.3302,83.5982,96.8478,-9,-68,-94,-51,48,3.7e-05,0.982156,0.017807,1,0
86.4322,53.3329,27.5311,60.9311,99.4281,-29,-74,-62,-92,89,0.002752,0.988,0.009248,1,0
132.2359,38.3646,25.8281,84.1954,97.7334,-8,-77,-75,-50,62,3.3e-05,0.980102,0.019865,1,0
137.3028,40.3697,26.1667,79.9526,98.6087,-6,-77,-73,-58,76,1.7e-05,0.980899,0.019083,1,0
61.5627,7.6689,23.2528,80.1982,99.879,-41,-83,-95,-57,96,0.086754,0.909878,0.003368,1,0
99.5384,189.1208,20.7505,61.3158,97.7681,-23,-47,-114,-91,62,0.000624,0.992153,0.007223,1,0
109.7645,191.3008,25.9532,66.2932,99.1958,-19,-46,-74,-82,85,0.000156,0.987267,0.012577,1,0
61.0001,20.5772,27.435,74.6681,97.5444,-41,-81,-63,-67,59,0.05848,0.932951,0.008569,1,0
88.0131,14.7626,25.7606,73.2619,98.9659,-29,-82,-76,-70,81,0.004276,0.987527,0.008197,1,0
62.2435,83.2533,26.0116,60.794,97.0563,-40,-68,-74,-92,51,0.038297,0.952871,0.008832,1,0
109.3193,152.7889,26.9742,70.0749,99.5513,-19,-54,-66,-76,91,0.000177,0.986666,0.013157,1,0
97.0527,165.2072,20.448,89.0239,96.2088,-24,-51,-116,-42,38,0.001084,0.989062,0.009855,1,0
81.0332,4.2779,22.2369,69.1969,97.8093,-32,-84,-103,-77,63,0.011974,0.982387,0.00564,1,0
122.2072,56.6605,26.1386,78.9835,99.9544,-13,-73,-73,-60,97,8e-05,0.987307,0.012613,1,0
103.4332,107.0612,21.3562,80.4508,96.5749,-21,-63,-109,-57,44,0.00063,0.98908,0.010291,1,0
86.5942,27.0191,22.7029,78.7099,96.4051,-29,-80,-99,-60,41,0.005556,0.985474,0.00897,1,0
134.8242,193.998,20.4501,68.6909,97.3275,-7,-46,-116,-78,56,1.5e-05,0.987424,0.01256,1,0
138.0667,50.259,22.1528,77.1507,96.5442,-6,-75,-103,-63,43,2.3e-05,0.983392,0.016584,1,0
74.5921,106.2745,20.116,81.1228,98.7111,-35,-63,-119,-56,77,0.018314,0.977727,0.003959,1,0
138.2713,21.9307,28.1831,71.4996,98.4577,-6,-81,-57,-73,73,1.8e-05,0.977294,0.022688,1,0
107.0083,67.7812,25.8776,68.4091,98.1046,-20,-71,-75,-79,68,0.000378,0.986689,0.012933,1,0
130.0287,24.6223,25.4669,68.2499,99.8812,-9,-80,-78,-79,96,3.6e-05,0.987785,0.012179,1,0
83.3198,182.3694,20.0562,87.543,97.2639,-31,-48,-119,-44,55,0.005281,0.98836,0.00636,1,0
63.7286,189.9723,28.5012,79.3343,97.7762,-40,-46,-55,-59,63,0.018933,0.968995,0.012071,1,0
61.0068,108.2641,20.0007,82.573,97.8533,-41,-63,-120,-53,64,0.072877,0.923563,0.00356,1,0
94.4745,69.9696,27.8732,77.0347,98.8203,-26,-71,-59,-63,79,0.001368,0.98563,0.013001,1,0
60.3639,64.6983,22.1895,78.9138,96.9094,-41,-72,-103,-60,49,0.074019,0.920789,0.005192,1,0
95.6385,184.7356,28.202,68.2956,99.0221,-25,-47,-57,-79,82,0.000547,0.985108,0.014345,1,0
119.5176,123.8676,21.2912,86.7851,96.7413,-14,-60,-110,-46,46,0.000119,0.9871,0.012781,1,0
113.4667,81.9185,25.4734,75.0359,99.9082,-17,-68,-78,-67,96,0.000185,0.989348,0.010466,1,0
118.5564,154.3096,20.2945,84.1606,99.8097,-15,-54,-118,-50,95,0.000136,0.993319,0.006544,1,0
107.5665,107.0579,25.5465,75.5405,97.5981,-20,-63,-77,-66,60,0.000334,0.985002,0.014664,1,0
136.3192,43.5944,21.3301,63.4896,99.5194,-6,-76,-110,-87,90,2.3e-05,0.991564,0.008414,1,0
79.2082,47.6982,28.061,63.3547,97.5772,-33,-75,-58,-88,59,0.007077,0.980827,0.012097,1,0
132.3061,55.0407,22.3625,73.9234,98.1648,-8,-74,-102,-69,69,3.4e-05,0.987979,0.011987,1,0
138.5383,3.2015,21.1594,72.8967,98.9908,-5,-84,-111,-71,82,2.4e-05,0.990618,0.009358,1,0
60.2838,51.1627,20.3042,87.3989,99.0344,-41,-75,-118,-45,83,0.095668,0.901507,0.002825,1,0
94.491,122.2661,25.7414,63.9519,99.5434,-26,-60,-76,-87,91,0.001144,0.990312,0.008545,1,0
114.0858,150.6769,26.6197,80.5967,97.8471,-17,-54,-69,-57,64,0.000124,0.981188,0.018687,1,0
109.1628,22.6861,28.9483,87.5442,98.375,-19,-80,-51,-44,72,0.00034,0.980141,0.01952,1,0
139.1395,194.4491,20.6177,72.3323,98.2796,-5,-45,-115,-72,71,9e-06,0.9882,0.01179,1,0
112.8294,97.7499,23.9191,86.5494,98.0223,-17,-65,-90,-46,67,0.000216,0.987168,0.012617,1,0
109.3957,12.4484,21.631,64.3294,98.7787,-19,-82,-107,-86,78,0.000545,0.99283,0.006625,1,0
134.1063,187.9953,25.0221,63.1604,97.0383,-7,-47,-81,-88,51,1e-05,0.977396,0.022593,1,0
132.1692,54.3345,22.3842,67.001,96.2612,-8,-74,-102,-81,39,3.3e-05,0.983984,0.015983,1,0
126.7349,61.9425,24.1104,75.6358,98.0748,-11,-72,-88,-66,67,5.7e-05,0.985646,0.014297,1,0
92.59,91.8692,23.6862,79.3924,97.7135,-26,-66,-92,-59,62,0.001787,0.98878,0.009433,1,0
115.7999,64.8745,26.9,83.1375,98.1088,-16,-72,-67,-52,68,0.000153,0.982067,0.01778,1,0
136.48,35.5356,27.4191,82.9965,98.4516,-6,-78,-63,-52,73,1.9e-05,0.977871,0.02211,1,0
79.1909,25.4258,24.2466,63.3564,97.4597,-33,-80,-87,-88,58,0.011044,0.981536,0.00742,1,0
99.0385,101.937,22.4401,86.2202,97.2279,-23,-64,-101,-47,54,0.000976,0.988883,0.010141,1,0
120.6057,14.106,27.9466,63.37,98.7029,-14,-82,-59,-88,77,9.8e-05,0.983005,0.016897,1,0
107.8212,141.9668,28.4795,86.9343,97.6019,-19,-56,-55,-45,60,0.000195,0.97663,0.023175,1,0
122.6998,68.3773,25.4002,88.7288,99.3325,-13,-71,-78,-42,87,8.6e-05,0.986192,0.013722,1,0
81.1208,198.5248,22.4957,77.523,99.0491,-32,-45,-101,-62,83,0.004679,0.989406,0.005916,1,0
70.466,12.5707,27.839,80.8169,99.6054,-37,-82,-60,-56,92,0.024096,0.968334,0.007571,1,0
97.697,9.7144,23.5603,71.0918,96.3847,-24,-83,-93,-74,41,0.001646,0.987404,0.010949,1,0
113.1852,50.3618,29.1869,76.5196,96.6436,-17,-75,-49,-64,45,0.000216,0.974652,0.025132,1,0
107.8037,70.3222,22.6672,84.962,98.4314,-19,-71,-99,-49,73,0.000437,0.990281,0.009282,1,0
108.854,162.6493,29.4026,64.785,98.8339,-19,-52,-48,-85,79,0.000134,0.980163,0.019703,1,0
67.4129,165.9348,24.2791,75.0524,96.8438,-38,-51,-87,-67,48,0.018731,0.972718,0.00855,1,0
99.3055,144.7172,27.5327,72.2766,96.0972,-23,-56,-62,-72,36,0.000489,0.977412,0.022099,1,0
76.1972,165.1454,22.0889,85.9916,99.4463,-34,-51,-104,-47,89,0.009436,0.985551,0.005014,1,0
116.8542,145.6686,26.248,63.9297,99.1127,-15,-55,-72,-87,84,7.3e-05,0.985921,0.014006,1,0
104.6735,174.6007,25.822,86.7526,99.6846,-21,-50,-75,-46,93,0.000317,0.988094,0.011588,1,0
108.0622,92.9026,24.2031,67.5081,97.1588,-19,-66,-88,-80,53,0.000306,0.986763,0.01293,1,0
107.6454,55.2876,27.3543,78.1709,98.039,-20,-74,-63,-61,67,0.000381,0.983171,0.016448,1,0
84.4971,125.8917,28.1798,71.397,98.9073,-30,-59,-57,-73,81,0.002442,0.985575,0.011983,1,0
66.6695,72.9138,27.2727,87.9823,98.5034,-38,-70,-64,-43,74,0.025004,0.965854,0.009142,1,0
93.0471,13.5286,28.131,65.9258,96.0497,-26,-82,-57,-83,35,0.001789,0.979476,0.018735,1,0
83.8193,171.1672,27.4519,75.0762,98.0395,-30,-50,-63,-67,67,0.002148,0.984467,0.013385,1,0
105.5766,166.8192,21.4965,66.8487,99.9274,-20,-51,-108,-81,97,0.000325,0.993636,0.006039,1,0
77.851,99.2625,27.724,84.0368,96.9293,-33,-65,-61,-51,49,0.006584,0.978551,0.014865,1,0
77.8961,93.2032,21.9069,68.1316,97.8237,-33,-66,-105,-79,63,0.009836,0.984424,0.00574,1,0
86.0125,23.7735,20.9922,88.6046,99.2301,-29,-80,-112,-42,86,0.006714,0.988594,0.004691,1,0
73.866,25.1795,29.0165,87.732,97.0645,-35,-80,-51,-44,51,0.013939,0.970845,0.015215,1,0
92.1609,159.5517,25.9824,74.2557,97.6268,-27,-53,-74,-68,60,0.001294,0.985712,0.012994,1,0
125.9214,170.802,21.7649,60.3879,98.7618,-11,-50,-106,-93,78,3.6e-05,0.990208,0.009756,1,0
128.1604,1.1363,26.3621,88.9625,97.7996,-10,-85,-71,-42,63,6.5e-05,0.980762,0.019173,1,0
68.6598,156.7803,23.3285,80.5789,99.8163,-37,-53,-94,-57,95,0.017106,0.978059,0.004835,1,0
86.4584,107.194,21.4154,74.7594,99.4008,-29,-63,-109,-67,88,0.003876,0.991237,0.004886,1,0
109.057,87.4703,27.9949,78.1226,97.1599,-19,-67,-59,-61,53,0.000256,0.978542,0.021202,1,0
78.1559,95.0986,21.0999,63.3296,96.0022,-33,-66,-111,-88,35,0.010299,0.982841,0.006859,1,0
133.5582,142.6099,29.6245,64.7261,98.1449,-8,-56,-46,-85,68,1.3e-05,0.970729,0.029259,1,0
116.5307,0.478,27.7193,79.1674,99.413,-15,-85,-61,-59,89,0.000151,0.984937,0.014912,1,0
77.6232,12.5385,27.1223,61.4688,99.6367,-33,-82,-65,-91,92,0.008858,0.983882,0.00726,1,0
68.5346,168.267,22.3915,81.069,96.4881,-37,-51,-101,-56,42,0.018106,0.97418,0.007714,1,0
65.9021,199.5302,27.5959,87.5934,99.5656,-39,-44,-62,-44,91,0.016137,0.975192,0.008672,1,0
75.0379,48.317,20.2255,81.2687,97.9907,-34,-75,-118,-56,66,0.019396,0.976193,0.004411,1,0
91.6438,80.0235,25.5387,76.819,99.9168,-27,-69,-77,-63,96,0.001997,0.99009,0.007913,1,0
120.0631,140.3896,23.1074,83.8261,99.2068,-14,-56,-96,-51,85,8.9e-05,0.98929,0.010621,1,0
71.2799,132.9567,28.3229,82.454,96.6664,-36,-58,-56,-53,45,0.010479,0.973785,0.015736,1,0
62.917,156.7467,27.6132,77.7198,98.1079,-40,-53,-61,-62,68,0.023673,0.96641,0.009916,1,0
131.336,182.8243,24.8784,65.9107,99.5251,-9,-48,-82,-83,90,1.7e-05,0.986025,0.013958,1,0
86.83,52.814,24.7236,60.235,99.2538,-29,-74,-84,-93,86,0.003506,0.989847,0.006647,1,0
86.4289,105.4151,20.7316,73.7192,99.8725,-29,-64,-114,-69,96,0.004151,0.991762,0.004087,1,0
102.0086,28.0988,22.3467,67.2312,99.3368,-22,-79,-102,-81,87,0.000982,0.992892,0.006126,1,0
93.5864,194.0623,27.0725,66.8139,99.9646,-26,-46,-66,-81,97,0.000736,0.98903,0.010234,1,0
83.6184,151.4799,20.6564,75.2009,98.0985,-31,-54,-115,-66,68,0.005363,0.989235,0.005402,1,0
117.2463,37.4702,27.8725,71.2618,98.3851,-15,-77,-59,-73,72,0.000116,0.981447,0.018437,1,0
123.3735,147.9706,29.7956,75.1217,96.2794,-12,-55,-45,-67,39,4.3e-05,0.965762,0.034195,1,0
126.1024,159.7668,20.7909,68.0783,97.5762,-11,-53,-114,-79,59,4.5e-05,0.989195,0.01076,1,0
121.6024,27.2897,24.579,78.3035,97.262,-13,-79,-85,-61,54,0.000107,0.983952,0.015941,1,0
115.2342,99.8461,25.7902,78.6596,99.6681,-16,-65,-75,-60,93,0.000135,0.987777,0.012088,1,0
75.441,164.5475,28.129,66.2675,97.3249,-34,-52,-58,-82,55,0.005177,0.980942,0.013881,1,0
118.532,69.4341,21.5008,77.0242,99.5445,-15,-71,-108,-63,91,0.000178,0.992652,0.007171,1,0
81.9769,10.095,23.6013,73.3565,96.9568,-31,-83,-92,-70,50,0.008471,0.983306,0.008222,1,0
117.7454,68.8162,28.3559,89.0828,98.328,-15,-71,-56,-42,71,0.000115,0.978595,0.02129,1,0
67.829,156.3959,25.1819,81.6535,98.1386,-38,-53,-80,-55,68,0.018872,0.973212,0.007916,1,0
93.8413,20.0799,21.6348,65.4567,96.3938,-26,-81,-107,-84,41,0.002819,0.98913,0.008051,1,0
91.4415,62.0495,28.6942,86.4609,97.2686,-27,-72,-53,-46,55,0.001784,0.979497,0.018719,1,0
62.9361,170.7167,29.3612,74.3106,99.9433,-40,-50,-48,-68,97,0.018428,0.972568,0.009004,1,0
130.7216,32.3871,27.3966,85.4057,98.3779,-9,-78,-63,-48,72,3.7e-05,0.978968,0.020995,1,0
439.4687,100.5584,22.1313,59.1505,99.187,127,-65,-103,-95,85,0.0,0.0,1.0,2,0
402.0992,196.9131,21.2148,41.946,96.6267,115,-45,-111,-126,44,0.0,0.0,1.0,2,0
465.2149,99.1649,29.5226,89.772,98.5888,127,-65,-47,-40,75,0.0,0.0,1.0,2,0
271.2249,98.145,20.5823,75.53,97.975,55,-65,-115,-66,66,0.0,0.094821,0.905179,2,0
228.1515,267.8755,24.908,49.774,96.5422,35,-31,-82,-112,43,0.0,0.446811,0.553189,2,0
175.9545,86.9427,23.4373,46.9033,97.9204,12,-67,-93,-117,65,0.0,0.976988,0.023012,1,0
444.7724,177.0546,33.0987,68.0853,99.1473,127,-49,-19,-79,84,0.0,0.0,1.0,2,0
333.4652,155.5996,28.1076,40.431,97.4222,84,-53,-58,-128,57,0.0,0.000122,0.999878,2,0
402.0318,77.4193,20.9691,86.7377,95.0673,115,-69,-112,-46,20,0.0,1e-06,0.999999,2,0
173.3632,44.791,25.7339,97.1538,96.1227,10,-76,-76,-27,36,1e-06,0.964199,0.0358,1,0
446.4431,105.926,25.2337,42.0778,97.0572,127,-63,-80,-126,51,0.0,0.0,1.0,2,0
354.3608,95.327,22.0355,74.5636,98.4108,93,-66,-104,-68,73,0.0,4.4e-05,0.999956,2,0
192.1102,107.513,30.2629,76.0794,99.6079,19,-63,-41,-65,92,0.0,0.952824,0.047176,1,0
324.972,243.0263,22.6205,40.6051,96.805,80,-36,-100,-128,47,0.0,0.000117,0.999883,2,0
359.3912,159.5433,31.8711,85.1744,96.2441,95,-53,-29,-49,38,0.0,2e-05,0.99998,2,1
269.9235,291.1724,33.1311,55.3088,95.5039,55,-26,-19,-102,27,0.0,0.008941,0.991059,2,1
399.1795,90.3884,21.224,78.4986,98.6696,114,-67,-110,-60,77,0.0,1e-06,0.999999,2,0
353.8855,74.1771,29.2473,52.3963,98.5497,93,-70,-49,-107,75,0.0,5e-05,0.99995,2,0
444.3044,13.1219,28.7689,45.173,98.1844,127,-82,-53,-120,69,0.0,0.0,1.0,2,0
452.3558,257.9604,27.1731,54.7892,99.0485,127,-33,-65,-103,83,0.0,0.0,1.0,2,0
172.7226,142.8892,28.9168,91.7579,97.2403,10,-56,-51,-37,54,0.0,0.95256,0.04744,1,0
376.6216,88.4248,32.663,84.8445,95.5888,103,-67,-23,-49,28,0.0,1.1e-05,0.999989,2,1
403.1913,8.3483,30.5905,68.9493,96.6573,115,-83,-39,-78,45,0.0,2e-06,0.999998,2,0
200.7752,186.2482,29.0366,46.8499,95.8657,23,-47,-51,-117,32,0.0,0.884643,0.115357,1,0
459.3235,89.2287,25.9884,52.4295,99.6931,127,-67,-74,-107,93,0.0,0.0,1.0,2,0
449.9095,194.7017,23.3885,96.7621,99.5073,127,-45,-94,-28,90,0.0,0.0,1.0,2,0
199.6828,33.4789,22.8544,48.294,98.1334,22,-78,-98,-115,68,0.0,0.969711,0.030289,1,0
459.2656,154.8743,23.038,56.965,99.6962,127,-54,-97,-99,93,0.0,0.0,1.0,2,0
376.6783,40.9549,32.0989,72.6702,99.7531,103,-77,-27,-71,94,0.0,1.2e-05,0.999988,2,0
425.5874,195.5851,21.6775,61.8234,99.5463,126,-45,-107,-90,91,0.0,0.0,1.0,2,0
429.6943,220.1728,21.6236,55.8782,96.4844,127,-40,-107,-101,42,0.0,0.0,1.0,2,0
207.4794,239.6007,20.298,80.0846,95.1525,26,-36,-118,-58,21,0.0,0.867847,0.132153,1,0
172.8727,237.1887,30.1704,49.2359,97.5858,10,-37,-42,-113,60,0.0,0.944362,0.055638,1,0
373.3088,262.478,20.0748,67.8592,98.2195,102,-32,-119,-80,70,0.0,1e-06,0.999999,2,0
268.6998,257.6574,32.8811,46.8245,97.3387,54,-33,-21,-117,56,0.0,0.014789,0.985211,2,0
241.9002,242.2309,33.5976,56.9768,99.8917,42,-36,-16,-99,96,0.0,0.160271,0.839729,2,0
196.323,74.5932,23.277,61.2109,98.4766,21,-70,-95,-91,74,0.0,0.967784,0.032216,1,0
450.9226,261.788,20.5712,77.7425,97.9521,127,-32,-115,-62,65,0.0,0.0,1.0,2,0
350.4298,145.2383,33.4934,67.0235,98.8801,91,-55,-16,-81,80,0.0,3.8e-05,0.999962,2,0
443.0118,40.4291,22.9295,56.799,97.6537,127,-77,-97,-99,61,0.0,0.0,1.0,2,0
345.3061,242.0841,27.5033,80.3596,99.3587,89,-36,-62,-57,88,0.0,1.4e-05,0.999986,2,0
167.931,242.3393,29.0854,67.9166,97.3304,8,-36,-50,-79,56,0.0,0.952059,0.04794,1,0
227.6094,131.0696,28.2976,82.6788,95.5209,35,-58,-56,-53,27,0.0,0.779438,0.220562,1,0
436.2038,213.3601,31.8436,62.7491,95.9898,127,-42,-29,-89,34,0.0,0.0,1.0,2,1
217.7496,32.2663,26.7739,82.8323,97.2342,31,-78,-68,-53,54,0.0,0.923599,0.076401,1,0
469.3969,36.3584,27.3096,73.5856,97.2015,127,-78,-64,-69,54,0.0,0.0,1.0,2,0
262.5938,119.0961,33.986,54.5945,99.6338,51,-61,-13,-103,92,0.0,0.118878,0.881122,2,0
298.4092,70.7718,27.8504,72.0939,97.1569,68,-71,-60,-72,53,0.0,0.008866,0.991134,2,0
382.0593,258.6829,22.7685,47.9781,95.4113,106,-32,-99,-115,25,0.0,0.0,1.0,2,0
430.2205,258.5041,22.3482,40.5416,97.394,127,-32,-102,-128,57,0.0,0.0,1.0,2,0
418.191,41.8433,32.1475,80.7773,98.5637,122,-77,-27,-56,75,0.0,0.0,1.0,2,0
435.9184,92.9814,25.0367,50.4926,96.1439,127,-66,-81,-111,37,0.0,0.0,1.0,2,0
328.8602,134.7197,33.2587,74.938,99.3589,81,-58,-18,-67,88,0.0,0.000291,0.999709,2,0
263.3419,36.8683,31.2777,67.494,95.0374,52,-78,-33,-80,19,0.0,0.269923,0.730077,2,0
226.0079,35.706,33.2249,65.7304,98.5235,35,-78,-18,-83,74,0.0,0.864817,0.135183,1,0
485.763,141.9254,27.8632,58.5159,96.2479,127,-56,-60,-96,38,0.0,0.0,1.0,2,0
351.2281,181.5303,20.5865,70.8045,98.6461,92,-48,-115,-74,76,0.0,1.9e-05,0.999981,2,0
489.1698,50.4181,31.9122,97.3633,98.0329,127,-75,-28,-27,67,0.0,0.0,1.0,2,2
323.1872,45.8656,28.1135,85.1997,99.5099,79,-76,-58,-48,90,0.0,0.00116,0.99884,2,0
281.927,209.1982,32.1487,64.4126,95.44,60,-42,-27,-86,26,0.0,0.008662,0.991338,2,1
364.3544,274.0764,23.9795,91.4664,97.4451,98,-29,-89,-37,57,0.0,2e-06,0.999998,2,0
497.5944,0.3731,31.9985,71.0779,98.0384,127,-85,-28,-74,67,0.0,0.0,1.0,2,0
452.7851,228.7754,22.8082,98.165,99.3242,127,-38,-98,-25,87,0.0,0.0,1.0,2,0
293.9352,3.2885,23.9497,97.2726,95.0768,66,-84,-90,-27,20,0.0,0.031016,0.968984,2,0
166.0061,281.3409,22.0278,41.6661,98.9734,7,-28,-104,-126,82,0.0,0.978313,0.021687,1,0
293.6336,103.837,21.9385,50.2939,97.3835,65,-64,-105,-111,56,0.0,0.013046,0.986954,2,0
415.779,230.0693,21.4565,89.4691,99.4809,121,-38,-109,-41,90,0.0,0.0,1.0,2,0
151.6013,156.2423,27.4904,61.4971,95.4883,1,-53,-62,-91,26,2e-06,0.960938,0.039059,1,0
441.601,110.1246,29.459,54.549,96.1427,127,-63,-47,-103,37,0.0,0.0,1.0,2,0
241.8561,115.5518,22.9611,71.6637,97.4602,42,-62,-97,-73,58,0.0,0.546619,0.453381,1,0
278.7864,204.9648,32.8093,79.6364,98.4357,59,-43,-22,-58,73,0.0,0.009373,0.990627,2,0
472.3185,264.0086,21.3926,58.6352,95.6446,127,-31,-109,-96,29,0.0,0.0,1.0,2,0
281.5701,241.6553,21.527,90.7469,98.0356,60,-36,-108,-39,67,0.0,0.006217,0.993783,2,0
317.8879,103.0482,32.3742,69.5533,97.1782,76,-64,-25,-77,53,0.0,0.001293,0.998707,2,0
305.9222,227.9464,29.7084,53.6643,96.7327,71,-39,-45,-105,46,0.0,0.000714,0.999286,2,0
277.6564,50.6557,22.559,79.8179,98.5725,58,-75,-100,-58,75,0.0,0.0875,0.9125,2,0
179.4327,0.2732,33.7958,67.7384,97.8289,13,-85,-14,-80,63,0.0,0.940874,0.059126,1,0
298.9299,206.0536,20.4607,48.9203,95.4502,68,-43,-116,-113,26,0.0,0.002201,0.997799,2,0
323.1086,25.1663,21.5191,44.2882,96.9391,79,-80,-108,-122,49,0.0,0.00202,0.99798,2,0
227.1888,120.7132,23.9488,75.6501,95.1832,35,-60,-90,-66,22,0.0,0.820279,0.179721,1,0
439.1523,244.868,30.2834,43.802,96.8914,127,-35,-41,-123,49,0.0,0.0,1.0,2,0
323.6072,114.9933,30.0065,97.4273,99.6198,79,-62,-43,-27,92,0.0,0.000518,0.999482,2,0
234.2604,15.784,31.162,52.0316,98.1463,38,-82,-34,-108,68,0.0,0.862435,0.137565,1,0
186.027,5.3663,27.6322,98.2064,98.5641,16,-84,-61,-25,75,0.0,0.964097,0.035902,1,0
352.6616,271.232,28.3938,58.9368,96.4668,92,-30,-55,-96,42,0.0,7e-06,0.999993,2,0
318.0199,245.0255,24.8315,94.6954,98.4156,77,-35,-83,-31,73,0.0,0.000164,0.999836,2,0
400.6134,195.5418,25.3778,77.5326,99.7966,114,-45,-79,-62,95,0.0,0.0,1.0,2,0
495.9275,2.5347,21.3514,45.6647,98.6938,127,-84,-109,-119,77,0.0,0.0,1.0,2,0
220.9511,228.5065,21.6608,55.1297,99.2839,32,-39,-107,-102,86,0.0,0.709034,0.290966,1,0
406.8732,129.2674,29.7599,63.1303,95.7332,117,-59,-45,-88,30,0.0,0.0,1.0,2,0
301.5971,24.8242,20.3477,64.781,97.4806,69,-80,-117,-85,58,0.0,0.015006,0.984994,2,0
288.964,225.914,26.3353,73.2705,96.0036,63,-39,-71,-70,35,0.0,0.003878,0.996122,2,0
251.8499,207.3928,29.2703,75.0923,97.9352,46,-43,-49,-67,65,0.0,0.125055,0.874945,2,0
275.7857,63.5587,26.7544,58.3232,98.1411,57,-72,-68,-97,68,0.0,0.085794,0.914206,2,0
192.1309,97.0714,20.965,45.2372,95.3036,19,-65,-112,-120,24,0.0,0.961369,0.038631,1,0
309.9322,287.5749,30.7427,80.7647,99.8795,73,-27,-37,-56,96,0.0,0.000199,0.999801,2,0
356.064,34.7629,26.6642,67.2965,98.7668,94,-78,-69,-81,78,0.0,6.7e-05,0.999933,2,0
248.5603,243.8981,24.0964,80.3441,98.2569,45,-35,-88,-57,70,0.0,0.108179,0.891821,2,0
309.3316,194.5596,22.3805,73.53,96.6327,73,-45,-102,-69,45,0.0,0.000784,0.999216,2,0
315.7415,67.1172,28.6036,40.3723,96.8325,76,-71,-54,-128,48,0.0,0.001839,0.998161,2,0
381.2002,170.215,32.9383,87.3369,95.3333,105,-50,-21,-45,24,0.0,3e-06,0.999997,2,1
354.6513,172.1562,23.7012,85.3194,95.6235,93,-50,-91,-48,29,0.0,1.8e-05,0.999982,2,0
480.2765,14.0593,32.2443,63.7992,96.8678,127,-82,-26,-87,48,0.0,0.0,1.0,2,0
334.5954,205.8829,29.2888,86.1109,98.8534,84,-43,-49,-47,80,0.0,6.3e-05,0.999937,2,0
362.9643,15.2398,20.2561,41.0018,98.6738,97,-82,-118,-128,77,0.0,5.7e-05,0.999943,2,0
336.1796,167.7889,31.8922,65.137,95.9546,85,-51,-29,-84,34,0.0,0.000117,0.999883,2,0
271.4402,13.0816,25.5452,65.0598,96.4167,55,-82,-77,-85,41,0.0,0.213056,0.786944,2,0
207.6074,235.3293,31.8275,51.5782,95.2994,26,-37,-29,-109,23,0.0,0.794581,0.205419,1,0
156.7185,289.4529,22.7857,52.9368,98.597,3,-26,-98,-106,76,1e-06,0.980315,0.019684,1,0
228.4981,20.3206,27.26,42.832,99.6454,36,-81,-64,-124,92,0.0,0.913395,0.086605,1,0
345.848,262.6978,22.8705,78.8131,97.1617,89,-32,-98,-60,53,0.0,1.3e-05,0.999987,2,0
160.583,234.4481,26.8506,96.5419,96.3266,5,-37,-67,-28,40,1e-06,0.956334,0.043665,1,0
261.9354,122.7754,32.9079,94.6478,96.1594,51,-60,-21,-32,37,0.0,0.13485,0.86515,2,1
165.3068,51.744,27.078,51.827,98.9145,7,-74,-66,-108,81,1e-06,0.97486,0.025139,1,0
390.6123,221.8516,33.9017,71.9175,98.2619,110,-40,-13,-72,70,0.0,0.0,1.0,2,1
330.1971,219.7411,23.7925,86.8759,99.9318,82,-40,-91,-45,97,0.0,8e-05,0.99992,2,0
462.416,198.4494,28.4428,59.5288,99.7573,127,-45,-55,-94,94,0.0,0.0,1.0,2,0
370.7359,93.2943,33.5362,50.3411,95.3655,101,-66,-16,-111,24,0.0,1.5e-05,0.999985,2,0
396.6908,135.8697,30.5661,41.2339,95.9025,112,-57,-39,-127,33,0.0,1e-06,0.999999,2,0
458.8973,3.6815,29.6866,83.5701,95.7287,127,-84,-46,-51,30,0.0,0.0,1.0,2,0
463.9204,101.0393,30.4001,55.976,97.5195,127,-64,-40,-101,59,0.0,0.0,1.0,2,0
279.6824,145.7633,24.6247,51.1225,97.0108,59,-55,-84,-110,51,0.0,0.02413,0.97587,2,0
355.11,77.0498,24.07,93.0295,98.9463,93,-69,-89,-34,81,0.0,4.8e-05,0.999952,2,0
291.8375,168.4643,22.0254,88.7961,95.9913,65,-51,-104,-42,34,0.0,0.005681,0.994319,2,0
348.6723,80.0463,28.4471,86.8929,95.5046,91,-69,-55,-45,27,0.0,0.0001,0.9999,2,0
479.4772,193.7761,32.9137,43.3084,98.1517,127,-46,-21,-124,69,0.0,0.0,1.0,2,0
497.6135,173.2199,30.7093,94.7914,95.8919,127,-50,-38,-31,33,0.0,0.0,1.0,2,2
315.6309,258.3258,33.8047,66.5679,99.0475,75,-32,-14,-82,83,0.0,0.000204,0.999796,2,0
173.5284,58.1149,33.8855,55.0647,96.3215,11,-73,-13,-102,40,0.0,0.930769,0.069231,1,0
486.0195,227.0415,26.077,83.1596,96.9456,127,-39,-73,-52,49,0.0,0.0,1.0,2,0
192.3556,261.353,27.235,42.1937,96.7271,19,-32,-64,-126,46,0.0,0.9035,0.0965,1,0
159.5129,12.5812,31.5367,48.7242,99.7393,4,-82,-31,-114,94,1e-06,0.96862,0.031378,1,0
394.8199,124.7765,30.7178,64.9806,96.2962,112,-60,-38,-85,39,0.0,1e-06,0.999999,2,0
447.3281,103.9091,30.849,97.3272,97.1037,127,-64,-37,-27,52,0.0,0.0,1.0,2,1
366.5631,6.7524,27.806,41.9953,97.0493,99,-84,-60,-126,51,0.0,3.9e-05,0.999961,2,0
358.1921,231.0739,28.2164,43.649,99.2546,95,-38,-57,-123,86,0.0,5e-06,0.999995,2,0
265.6804,262.67,31.8082,46.8547,99.0844,53,-32,-29,-117,83,0.0,0.016881,0.983119,2,0
369.3747,228.9893,33.2108,57.5921,99.2661,100,-38,-19,-98,86,0.0,2e-06,0.999998,2,0
438.8069,216.6604,30.8818,55.4349,98.1209,127,-41,-36,-102,68,0.0,0.0,1.0,2,0
265.0691,105.8918,30.8005,50.0438,96.2601,52,-63,-37,-111,39,0.0,0.12722,0.87278,2,0
311.8259,73.2183,22.2173,81.5587,95.9855,74,-70,-103,-55,34,0.0,0.002848,0.997152,2,0
375.133,148.6147,31.9799,82.88,95.5938,103,-55,-28,-53,28,0.0,5e-06,0.999995,2,1
423.7864,30.0873,33.2321,63.1006,97.8576,125,-79,-18,-88,64,0.0,0.0,1.0,2,0
373.5296,191.1096,23.8152,71.8345,96.9342,102,-46,-91,-72,49,0.0,2e-06,0.999998,2,0
205.8674,182.4018,22.6805,74.1462,95.2754,25,-48,-99,-68,23,0.0,0.914126,0.085874,1,0
335.9082,269.7488,22.3088,88.5244,98.5606,85,-30,-102,-43,75,0.0,2.5e-05,0.999975,2,0
302.9467,270.9582,20.3154,64.7893,97.3144,70,-30,-117,-85,55,0.0,0.000625,0.999375,2,0
376.292,288.8697,25.691,93.3175,95.2938,103,-26,-76,-34,23,0.0,1e-06,0.999999,2,1
376.4498,20.3849,22.5062,88.0621,97.2127,103,-81,-101,-43,54,0.0,1.4e-05,0.999986,2,0
184.9985,216.7676,21.7815,72.0697,99.7357,16,-41,-106,-72,94,0.0,0.969881,0.030119,1,0
199.3912,93.6987,30.2086,57.0759,95.8899,22,-66,-42,-99,33,0.0,0.917634,0.082366,1,0
181.5433,218.4594,30.6683,83.0814,98.194,14,-41,-38,-52,69,0.0,0.93738,0.06262,1,0
184.4692,167.4814,29.8216,81.2785,97.1368,16,-51,-45,-56,53,0.0,0.938133,0.061867,1,0
333.9829,293.6514,29.3221,48.6436,96.6463,84,-25,-48,-114,45,0.0,2.4e-05,0.999976,2,0
151.953,141.1894,27.2461,93.3889,95.7533,1,-56,-64,-34,31,4e-06,0.960667,0.039329,1,0
424.1885,35.4965,20.8581,51.235,96.8955,125,-78,-113,-109,49,0.0,0.0,1.0,2,0
349.4601,187.7921,33.6925,43.8058,95.1326,91,-47,-15,-123,21,0.0,3.3e-05,0.999967,2,0
402.6394,131.743,33.8024,40.2001,96.8612,115,-58,-14,-128,48,0.0,1e-06,0.999999,2,0
318.7274,99.1745,32.385,85.2765,97.8272,77,-65,-25,-48,63,0.0,0.001098,0.998902,2,0
467.4346,180.7932,30.6694,40.1908,96.6651,127,-48,-38,-128,45,0.0,0.0,1.0,2,0
438.1651,253.6336,30.7235,54.6477,95.7641,127,-33,-38,-103,31,0.0,0.0,1.0,2,1
324.9211,72.5262,28.3443,97.3445,97.159,80,-70,-56,-27,53,0.0,0.000795,0.999205,2,0
236.2264,201.738,21.5734,46.0992,96.7868,39,-44,-108,-119,47,0.0,0.458759,0.541241,2,0
195.1457,219.8292,31.5066,74.7083,99.9172,20,-40,-32,-67,96,0.0,0.918227,0.081773,1,0
445.2337,287.852,29.4828,43.3506,97.8187,127,-26,-47,-123,63,0.0,0.0,1.0,2,0
387.2287,64.8122,21.0945,67.2711,97.2875,108,-72,-111,-81,55,0.0,3e-06,0.999997,2,0
243.545,153.7011,28.5004,76.6972,99.8001,43,-54,-55,-64,95,0.0,0.33227,0.66773,2,0
404.409,209.4433,22.6215,71.3474,98.9193,116,-42,-100,-73,81,0.0,0.0,1.0,2,0
258.4839,14.6505,27.7938,79.5273,96.7633,49,-82,-60,-59,47,0.0,0.456238,0.543762,2,0
239.9165,260.1429,23.4939,48.9575,97.33,41,-32,-93,-113,56,0.0,0.203812,0.796188,2,0
408.9751,101.9777,28.9376,81.5123,97.5803,118,-64,-51,-55,60,0.0,0.0,1.0,2,0
409.0986,202.0507,30.8662,41.8356,96.0345,118,-44,-37,-126,35,0.0,0.0,1.0,2,0
438.5306,120.855,20.6953,57.4763,95.6624,127,-60,-115,-98,29,0.0,0.0,1.0,2,0
447.5723,268.4471,21.0279,94.7199,95.7727,127,-30,-112,-31,31,0.0,0.0,1.0,2,0
341.8184,241.3171,33.9694,50.832,96.8201,87,-36,-13,-110,48,0.0,3.2e-05,0.999968,2,0
241.031,139.7455,29.5686,49.1219,95.4631,41,-57,-46,-113,26,0.0,0.504587,0.495413,1,0
362.3279,283.6186,24.3271,64.2703,95.986,97,-27,-87,-86,34,0.0,2e-06,0.999998,2,0
255.3239,229.9584,23.3304,65.6244,95.513,48,-38,-94,-84,27,0.0,0.080829,0.919171,2,0
427.7176,129.4212,25.8633,56.6726,95.0787,127,-59,-75,-100,20,0.0,0.0,1.0,2,0
192.5055,265.1794,33.2417,51.1796,96.9667,19,-31,-18,-109,50,0.0,0.857549,0.142451,1,0
264.9066,158.2321,29.6525,53.8125,97.2265,52,-53,-46,-105,54,0.0,0.074301,0.925699,2,0
164.2625,167.204,33.9119,80.1344,98.7321,6,-51,-13,-58,78,1e-06,0.941461,0.058539,1,0
306.4624,32.8048,27.7056,46.7483,97.8352,71,-78,-61,-117,64,0.0,0.00764,0.99236,2,0
199.8768,267.1422,25.9153,46.8972,99.2901,23,-31,-74,-117,87,0.0,0.891586,0.108414,1,0
490.4633,117.2148,22.871,49.3487,98.4305,127,-61,-98,-113,73,0.0,0.0,1.0,2,0
275.153,143.6133,27.5361,93.4038,99.0889,57,-56,-62,-34,83,0.0,0.030946,0.969054,2,0
426.6645,295.3408,29.015,90.2445,97.8287,126,-25,-51,-39,63,0.0,0.0,1.0,2,1
440.209,246.9013,27.2133,96.0049,97.6473,127,-35,-65,-29,61,0.0,0.0,1.0,2,1
183.1196,34.4374,21.8766,95.3402,99.8353,15,-78,-105,-30,95,0.0,0.981652,0.018348,1,0
384.3533,231.2424,22.3526,43.6745,97.0656,107,-38,-102,-123,51,0.0,1e-06,0.999999,2,0
271.1458,70.4283,31.0384,88.0671,97.6247,55,-71,-35,-43,60,0.0,0.105099,0.894901,2,0
255.0368,49.5398,22.9948,60.4355,98.4953,48,-75,-97,-93,74,0.0,0.435239,0.564761,2,0
414.2858,245.3179,21.4744,87.9213,97.4306,121,-35,-109,-44,57,0.0,0.0,1.0,2,0
239.7392,160.6587,22.2924,95.8501,97.0915,41,-52,-102,-29,52,0.0,0.440855,0.559145,2,0
259.1352,141.0913,32.5821,81.7495,98.3385,50,-56,-23,-55,72,0.0,0.10947,0.89053,2,0
415.1127,32.3762,28.7283,89.8841,95.2405,121,-78,-53,-40,23,0.0,1e-06,0.999999,2,1
272.9941,28.1906,30.8076,72.947,99.294,56,-79,-37,-70,87,0.0,0.129458,0.870542,2,0
287.9619,119.79,23.2089,70.9338,99.8867,63,-61,-95,-74,96,0.0,0.014327,0.985673,2,0
409.5989,281.3085,28.8068,95.9554,98.0671,118,-28,-52,-29,67,0.0,0.0,1.0,2,1
199.3244,65.6717,22.7129,65.1552,97.3423,22,-72,-99,-84,56,0.0,0.963877,0.036123,1,0
392.8127,215.5213,27.2897,45.6863,97.2663,111,-41,-64,-119,55,0.0,0.0,1.0,2,0
263.7769,159.9799,21.0249,52.719,97.8133,52,-52,-112,-107,63,0.0,0.085245,0.914755,2,0
445.5927,165.0684,27.2386,79.9122,98.6489,127,-51,-64,-58,76,0.0,0.0,1.0,2,0
366.805,284.3951,23.2031,63.971,96.4958,99,-27,-95,-87,42,0.0,1e-06,0.999999,2,0
153.6783,257.1245,23.0973,85.6021,96.5842,1,-33,-96,-48,44,2e-06,0.972736,0.027262,1,0
197.1323,253.9651,26.9495,71.5265,95.688,21,-33,-67,-73,30,0.0,0.887225,0.112775,1,0
412.9282,15.5261,28.0161,47.9452,98.6374,120,-82,-58,-115,76,0.0,1e-06,0.999999,2,0
227.7083,295.4827,29.8265,79.0531,96.8635,35,-25,-44,-59,48,0.0,0.315844,0.684156,2,0
156.9499,282.2983,24.2599,96.048,99.1811,3,-28,-87,-29,85,1e-06,0.975357,0.024642,1,0
408.7132,32.5148,24.0365,70.232,97.4035,118,-78,-89,-75,57,0.0,1e-06,0.999999,2,0
385.7295,164.5982,21.1767,91.9276,95.5696,107,-52,-111,-36,28,0.0,1e-06,0.999999,2,0
228.921,7.906,24.4454,97.3124,99.9995,36,-83,-86,-27,98,0.0,0.903638,0.096362,1,0
369.4396,31.8752,24.8446,56.8126,99.0876,100,-79,-83,-99,83,0.0,2.2e-05,0.999978,2,0
369.8886,259.2598,26.9076,71.0238,96.3483,100,-32,-67,-74,40,0.0,2e-06,0.999998,2,0
478.8454,12.8693,25.826,41.1166,95.405,127,-82,-75,-127,25,0.0,0.0,1.0,2,0
185.1121,77.3154,29.7693,70.7462,95.1609,16,-69,-45,-74,21,0.0,0.936656,0.063344,1,0
210.8326,146.9984,26.339,52.5661,98.9353,28,-55,-71,-107,81,0.0,0.913496,0.086504,1,0
256.4483,78.1006,31.7686,64.3837,95.5339,48,-69,-30,-86,27,0.0,0.31414,0.68586,2,0
418.4866,279.1797,27.4309,43.8021,96.284,122,-28,-63,-123,39,0.0,0.0,1.0,2,0
315.6892,96.9874,28.2281,86.212,95.4917,75,-65,-57,-47,26,0.0,0.001733,0.998267,2,0
279.4976,213.7004,29.7603,73.8844,99.8073,59,-42,-45,-69,95,0.0,0.00884,0.99116,2,0
284.0875,231.2013,29.4525,77.9207,96.6582,61,-38,-47,-62,45,0.0,0.005021,0.994979,2,0
328.3158,14.6021,33.0779,63.0996,96.1801,81,-82,-20,-88,37,0.0,0.00165,0.99835,2,0
264.3943,115.1016,30.3672,45.794,98.586,52,-62,-40,-119,75,0.0,0.117655,0.882345,2,0
388.9238,58.8042,33.3755,61.6388,98.2493,109,-73,-17,-91,70,0.0,4e-06,0.999996,2,0
159.7712,76.7081,24.7878,75.7482,96.7147,4,-69,-83,-65,46,2e-06,0.973368,0.026629,1,0
359.6326,122.9036,33.6211,72.9417,97.7988,96,-60,-15,-70,63,0.0,2.2e-05,0.999978,2,0
276.7978,16.6416,28.3855,84.4439,98.1338,58,-82,-56,-50,68,0.0,0.111821,0.888179,2,0
318.1359,182.9897,24.3387,60.635,97.0699,77,-48,-87,-92,51,0.0,0.000402,0.999598,2,0
413.7986,57.2995,21.9299,95.7455,99.014,120,-73,-105,-30,82,0.0,0.0,1.0,2,0
163.3861,25.3216,27.2453,80.0136,98.7492,6,-80,-64,-58,78,1e-06,0.973258,0.026741,1,0
226.5844,133.361,33.477,71.8672,99.2735,35,-58,-16,-72,86,0.0,0.745166,0.254834,1,0
329.4936,101.8045,31.7813,43.6903,95.4711,82,-64,-29,-123,26,0.0,0.000452,0.999548,2,0
366.4294,291.5183,30.4536,73.6409,97.9176,99,-26,-40,-69,65,0.0,1e-06,0.999999,2,0
215.6163,239.4713,20.7622,88.2564,98.6458,30,-36,-114,-43,76,0.0,0.746988,0.253012,1,0
219.0779,80.8475,30.8304,60.1086,95.0856,31,-69,-37,-93,20,0.0,0.848485,0.151515,1,0
368.7075,176.8709,29.6286,87.9724,98.0369,100,-49,-46,-44,67,0.0,4e-06,0.999996,2,0
403.5949,159.8601,31.7256,91.2473,96.8007,116,-53,-30,-38,47,0.0,0.0,1.0,2,1
308.0178,55.2358,21.4684,84.9806,99.4196,72,-74,-109,-49,89,0.0,0.005105,0.994895,2,0
306.6226,228.6281,25.515,63.486,99.1461,71,-39,-78,-87,84,0.0,0.000739,0.999261,2,0
290.658,209.5253,24.7202,44.8581,96.2588,64,-42,-84,-121,39,0.0,0.004189,0.995811,2,0
239.1034,38.2659,30.8108,73.4874,98.9721,40,-77,-37,-69,82,0.0,0.778517,0.221483,1,0
494.9708,216.7181,30.6388,64.0924,95.6809,127,-41,-38,-86,29,0.0,0.0,1.0,2,2
369.4271,187.9681,27.0003,61.7727,98.908,100,-47,-66,-90,81,0.0,3e-06,0.999997,2,0
275.335,2.9273,25.092,48.3444,98.4293,57,-84,-81,-114,73,0.0,0.16935,0.83065,2,0
240.2786,15.432,21.4469,79.2906,99.1306,41,-82,-109,-59,84,0.0,0.828456,0.171544,1,0
238.7381,163.6347,22.1235,66.1281,97.6143,40,-52,-104,-83,60,0.0,0.507886,0.492114,1,0
261.791,27.1296,20.1465,61.3556,98.8604,51,-79,-119,-91,80,0.0,0.360451,0.639549,2,0
344.5867,181.4888,30.8445,95.5775,98.655,89,-48,-37,-30,77,0.0,3.4e-05,0.999966,2,0
354.0047,51.6836,32.8865,62.9943,95.2887,93,-75,-21,-88,23,0.0,0.000119,0.999881,2,0
381.9375,205.3917,20.4666,50.2057,97.5748,106,-43,-116,-111,59,0.0,1e-06,0.999999,2,0
159.2813,110.5791,31.133,43.6622,97.8038,4,-63,-34,-123,63,1e-06,0.958926,0.041073,1,0
352.3102,221.7012,23.866,98.216,99.5149,92,-40,-90,-25,90,0.0,1e-05,0.99999,2,0
353.9326,57.281,27.2079,62.1646,97.7503,93,-73,-65,-90,62,0.0,6.3e-05,0.999937,2,0
471.8237,195.3902,29.7041,89.6026,99.5012,127,-45,-45,-41,90,0.0,0.0,1.0,2,0
231.8095,290.7938,24.69,44.4336,96.1965,37,-26,-84,-121,38,0.0,0.289591,0.710409,2,0
166.1136,146.166,33.7535,69.3809,97.162,7,-55,-14,-77,53,1e-06,0.933728,0.066272,1,0
481.0638,83.4708,33.7984,63.5696,97.633,127,-68,-14,-87,60,0.0,0.0,1.0,2,0
347.6043,94.1396,29.4086,55.6477,96.7473,90,-66,-48,-101,46,0.0,8.7e-05,0.999913,2,0
187.3057,56.8021,33.7721,83.868,96.7001,17,-73,-14,-51,46,0.0,0.920205,0.079795,1,0
264.8361,171.3798,21.6475,78.3355,95.8051,52,-50,-107,-61,31,0.0,0.074188,0.925812,2,0
287.6319,153.435,20.169,44.1222,95.8621,63,-54,-119,-122,32,0.0,0.011874,0.988126,2,0
419.0235,164.4202,31.9199,56.8192,99.2534,123,-52,-28,-99,86,0.0,0.0,1.0,2,0
243.2487,204.3192,29.6944,55.7421,98.691,42,-43,-45,-101,77,0.0,0.247384,0.752616,2,0
482.4516,5.355,24.3682,93.8847,97.2022,127,-84,-86,-33,54,0.0,0.0,1.0,2,0
350.7515,37.6431,27.3447,53.489,98.884,91,-77,-64,-105,80,0.0,0.000117,0.999883,2,0
184.2305,63.7947,25.5773,70.2655,95.7489,15,-72,-77,-75,31,0.0,0.961177,0.038823,1,0
328.1288,2.0529,26.3491,96.6482,96.0475,81,-85,-71,-28,35,0.0,0.001677,0.998323,2,0
354.7275,55.4674,27.9795,98.5431,97.9444,93,-74,-59,-25,65,0.0,7.3e-05,0.999927,2,0
485.6036,252.7953,27.2319,69.8129,95.522,127,-34,-64,-76,27,0.0,0.0,1.0,2,2
469.3286,194.3368,28.6042,62.0109,98.3498,127,-45,-54,-90,72,0.0,0.0,1.0,2,0
479.264,48.1778,24.6526,66.3795,96.6032,127,-75,-84,-82,44,0.0,0.0,1.0,2,0
376.8091,10.6624,27.8713,52.996,99.4741,103,-83,-59,-106,89,0.0,1.4e-05,0.999986,2,0
375.3298,74.5518,32.0834,98.6829,98.1433,103,-70,-27,-24,68,0.0,1e-05,0.99999,2,1
389.9343,213.3036,25.0612,58.7243,97.2083,109,-42,-81,-96,54,0.0,0.0,1.0,2,0
168.093,133.353,23.9341,49.5324,97.7086,8,-58,-90,-112,62,0.0,0.976253,0.023747,1,0
243.274,160.1147,26.844,47.0294,96.1393,42,-52,-67,-117,37,0.0,0.395096,0.604904,2,0
239.8735,160.1443,24.4909,91.4436,95.1712,41,-52,-85,-37,21,0.0,0.439948,0.560052,2,0
423.6254,70.4443,32.648,54.8459,95.2782,125,-71,-23,-103,23,0.0,0.0,1.0,2,0
210.5297,50.4602,28.4945,58.9613,97.005,27,-75,-55,-95,50,0.0,0.925243,0.074757,1,0
410.576,47.2422,30.3807,57.969,99.2386,119,-75,-40,-97,86,0.0,0.0,1.0,2,0
296.862,288.3118,20.4243,84.2438,98.456,67,-26,-117,-50,73,0.0,0.000849,0.999151,2,0
245.5565,280.9153,21.3728,91.6281,98.2172,43,-28,-109,-37,70,0.0,0.111601,0.888399,2,0
466.4482,223.5795,25.6447,55.3671,99.7643,127,-40,-77,-102,94,0.0,0.0,1.0,2,0
256.4524,193.5327,25.8408,48.4195,99.4695,48,-46,-75,-114,89,0.0,0.11281,0.88719,2,0
420.9356,67.2665,20.9222,82.2195,97.1439,124,-71,-113,-54,53,0.0,0.0,1.0,2,0
415.6392,34.9202,31.1229,67.6783,98.7156,121,-78,-35,-80,77,0.0,0.0,1.0,2,0
282.3892,279.4339,27.8933,45.3798,97.5209,60,-28,-59,-120,59,0.0,0.00368,0.99632,2,0
264.7452,83.9108,26.9905,64.6634,98.4792,52,-68,-66,-85,74,0.0,0.166375,0.833625,2,0
152.2254,56.6374,29.4568,43.9008,97.228,1,-73,-47,-122,54,3e-06,0.966926,0.033071,1,0
312.6151,276.5035,29.6987,97.9357,97.8911,74,-29,-45,-26,64,0.0,0.000219,0.999781,2,1
212.9945,46.7197,24.6321,93.6123,95.8139,29,-76,-84,-33,32,0.0,0.930396,0.069604,1,0
154.8015,89.1191,26.6651,96.1973,98.7194,2,-67,-69,-29,78,3e-06,0.974026,0.025971,1,0
365.9131,53.2553,28.1362,90.4684,95.2421,98,-74,-57,-39,23,0.0,3.6e-05,0.999964,2,1
194.8225,4.4215,20.0622,40.9926,95.3078,20,-84,-119,-128,24,0.0,0.973192,0.026808,1,0
257.8799,55.0422,21.9784,47.3841,97.7511,49,-74,-105,-116,62,0.0,0.388682,0.611318,2,0
400.3257,135.807,25.4584,79.6986,98.2214,114,-57,-78,-58,70,0.0,0.0,1.0,2,0
411.0185,158.6802,20.6275,48.366,96.4513,119,-53,-115,-114,42,0.0,0.0,1.0,2,0
483.2395,50.1752,20.7607,66.8551,99.4893,127,-75,-114,-81,90,0.0,0.0,1.0,2,0
467.9331,214.2746,27.2046,51.9952,97.502,127,-41,-65,-108,58,0.0,0.0,1.0,2,0
330.7848,160.1183,28.592,48.9327,95.6413,82,-52,-54,-113,29,0.0,0.000185,0.999815,2,0
480.9867,179.5629,23.3948,46.2468,99.4779,127,-49,-94,-118,90,0.0,0.0,1.0,2,0
270.4683,95.4771,32.5418,89.5358,97.8565,55,-66,-24,-41,64,0.0,0.080752,0.919248,2,0
343.1364,59.3879,31.328,89.4407,98.4397,88,-73,-33,-41,73,0.0,0.000192,0.999808,2,0
340.9337,238.2113,32.0305,68.8624,96.8006,87,-37,-28,-78,47,0.0,3.2e-05,0.999968,2,1
158.7731,105.5605,26.3977,76.2213,99.2801,4,-64,-71,-65,86,1e-06,0.975823,0.024176,1,0
163.3523,156.0459,31.4212,53.6162,98.1098,6,-53,-32,-105,68,0.0,0.953901,0.046098,1,0
234.0835,221.7043,29.3591,94.1016,98.0689,38,-40,-48,-33,67,0.0,0.369161,0.630839,2,0
476.0208,261.7233,21.3122,73.8177,96.6916,127,-32,-110,-69,45,0.0,0.0,1.0,2,0
466.5921,134.1009,20.1883,77.6661,99.6283,127,-58,-118,-62,92,0.0,0.0,1.0,2,0
373.1682,290.7678,33.1589,66.4489,99.8449,102,-26,-19,-82,95,0.0,1e-06,0.999999,2,0
174.2294,157.7599,27.5532,79.7416,98.3165,11,-53,-62,-58,71,0.0,0.96265,0.03735,1,0
483.4316,237.2872,30.2728,78.1649,95.1168,127,-37,-41,-61,21,0.0,0.0,1.0,2,2
174.0597,23.0544,22.2631,97.4682,99.0324,11,-80,-102,-27,82,1e-06,0.981034,0.018966,1,0
327.4883,27.7731,29.7747,75.3831,97.4717,81,-79,-45,-66,58,0.0,0.001057,0.998943,2,0
367.5402,183.6749,29.1132,49.8008,99.8667,99,-48,-50,-112,96,0.0,4e-06,0.999996,2,0
398.6936,115.2258,32.6239,82.2682,96.2771,113,-62,-23,-54,39,0.0,1e-06,0.999999,2,1
474.0046,228.4457,24.2496,57.5258,95.3974,127,-39,-87,-98,25,0.0,0.0,1.0,2,0
270.9192,170.9709,25.0901,53.2854,99.2143,55,-50,-81,-106,85,0.0,0.037634,0.962366,2,0
281.5565,184.754,28.6044,67.2706,97.5082,60,-47,-54,-81,58,0.0,0.010673,0.989327,2,0
340.6716,50.0969,32.3162,71.7817,96.787,87,-75,-25,-73,47,0.0,0.000317,0.999683,2,0
238.047,164.9805,23.7615,42.3332,97.1581,40,-51,-91,-125,53,0.0,0.497922,0.502078,2,0
342.2271,162.865,21.3394,74.5744,99.7135,88,-52,-110,-68,93,0.0,5.3e-05,0.999947,2,0
272.4366,220.5177,24.5538,79.7132,95.22,56,-40,-85,-58,22,0.0,0.01788,0.98212,2,0
475.3248,210.2269,28.9385,93.662,97.7065,127,-42,-51,-33,62,0.0,0.0,1.0,2,2
258.4869,186.2407,33.9649,72.0552,96.1259,49,-47,-13,-72,37,0.0,0.092587,0.907413,2,1
372.2623,47.5402,22.4289,45.9117,99.1883,101,-75,-101,-119,85,0.0,1.5e-05,0.999985,2,0
285.5421,289.6662,31.3576,74.0543,97.9037,62,-26,-33,-68,65,0.0,0.001882,0.998118,2,0
495.0782,182.1414,23.1459,90.6788,97.4659,127,-48,-96,-39,58,0.0,0.0,1.0,2,0
462.2282,48.9626,27.2025,79.6679,98.0287,127,-75,-65,-58,67,0.0,0.0,1.0,2,0
261.9886,240.4418,30.485,89.9602,96.6721,51,-36,-39,-40,45,0.0,0.032879,0.967121,2,1
152.9687,42.2087,21.5118,47.9951,99.024,1,-76,-108,-115,82,4e-06,0.989173,0.010823,1,0
254.3808,81.003,31.1639,69.7725,97.9542,47,-69,-34,-76,65,0.0,0.346843,0.653157,2,0
323.2812,168.322,21.0959,72.3037,99.2456,79,-51,-111,-72,86,0.0,0.000322,0.999678,2,0

# Updated for Week 1 & 2 Project
